source,review_description,sentiment,processed_text
App Store,I’m excited for this app but the MAJORITY of my feed is people I don’t follow and brands! Please stop. I don’t want those on my home page. I’m happy to check recommended content on an explore page but what’s the point of choosing who to follow if the app is going to decide what I’m going to see for me??,Negative,im excit app majority fe people dont follow brand please stop dont want home page im happy check recommend content explore page what point choos follow app go decide im go see
Google Play,First downloader so follow me Insta id. sam_asif_07,Positive,first downloader follow insta id samasif
Google Play,Not bad at all,Negative,bad
Google Play,Needed some new app.,Positive,need new app
Google Play,Haven't used the app yet but from what I see from people's reviews I think it's great so I'm giving it 5 stars 🥰,Positive,havent us app yet see people review think great im giv star
Google Play,Want to attach screenshots of the problem I am facing. Screen got shivering while I am entering into it and it is the worst😠,Negative,want attach screenshot problem fac screen got shiver enter worst
Google Play,Horrible could not keep app open.,Negative,horrible could keep app open
Google Play,Better than Twitter...,Positive,better twitter
Google Play,"Good, plain, easy. No WIDGETS???",Positive,good plain easy widget
Google Play,This app is beautiful and trustful 👍👍,Neutral,app beautiful trustful
Google Play,What a smooth ui,Positive,smooth ui
Google Play,Probably the first person tell you why i gave it a 5 star is because i think is better than twitter but is my opinion,Positive,probably first person tell gave star think better twitter opinion
Google Play,Nothing special,Neutral,noth special
Google Play,Love it!,Positive,love
Google Play,This app is not safe,Negative,app safe
Google Play,They want me to pay for a service that show's no improvement,Negative,want pay service show improvement
Google Play,"U wont let us to curse and post lewd, twitter is better then",Neutral,u wont let u curse post lewd twitter better
Google Play,Very true,Positive,true
Google Play,I am facing an issue with this application. Whenever I am trying to reply or quote a video the application shuts off by itself and that video disappears. It's happening from the day one that I had downloaded threads. Please fix that problem. Thank you.,Negative,fac issue application whenever try reply quote video application shut video disappear happen day one download thread please fix problem thank
Google Play,"Not bad as a new app.. however, it does need a few improvement of features as well as some new features... I hope also that it will be allowed to navigate through different accounts just like Instagram. I have multiple accounts for multiple purposes and I would like to have separate threads accounts that are easily navigated through.",Neutral,bad new app however ne improvement feature well new feature hope also allow navigate different account like instagram multiple account multiple purpose would like separate thread account easily navigat
Google Play,This app heg me...😠🤬,Neutral,app heg
Google Play,Ita not working in my device after login it buffering while scrolling and showing overlapping post and content.,Neutral,ita work device login buffer scroll show overlapp post content
Google Play,App is not working correctly it blurs all posts and letters,Negative,app work correctly blur post letter
Google Play,No chat no cool,Negative,chat cool
Google Play,looks more simpler to catch up,Positive,look simpler catch
App Store,"I definitely think this app is a good idea but it’s missing a few key features that still make Twitter better such as having a following tab so I can just see threads from the people I follow, a notifications tab so I can see the threads that I turned notifications on for without having to search for them after I open the app, if those two things were implemented this app could be better than Twitter",Neutral,definitely think app good idea miss key feature still make twitter better follow tab see thread people follow notification tab see thread turn notification without search open app two thing implement app could better twitter
Google Play,Has potential but pretty bare bones atm. The lack of hashtags and the inability to search Threads makes discoverablity nonexistent. Bookmarks and media tab would also be good.,Neutral,potential pretty bare bone atm lack hashtag inability search thread make discoverablity nonexistent bookmark media tab would also good
Google Play,No information from the user....,Negative,information user
Google Play,better laugh than twitter,Positive,better laugh twitter
Google Play,Enjoy the censorship if that's your thing,Negative,enjoy censorship that th
Google Play,"Stability is terrible, app seems fun though. Lots of activity and getting plenty of support by users.",Neutral,stability terrible app seem fun though lot activity gett plenty support user
Google Play,LOG IN WITH INSTAGRAM ACCOUNT WHY⁉️⁉️😕,Negative,log instagram account
Google Play,"The app keeps stopping, the replies on a post are repeated while scrolling then the app closes and it is not easy to find friend's posts and profiles",Neutral,app keep stopp replie post repeat scroll app close easy find friend post profile
Google Play,the meta has changed,Positive,meta chang
Google Play,Mark bro we love you 👌,Positive,mark bro love
Google Play,Still need a lot of improvement can you upgrade apply a google translation/translation,Negative,still ne lot improvement upgrade apply google translationtranslation
Google Play,Still learning and navigating but seriously I don't care nor want to discover random people's posts that I am not following on my page. If I wanted to I would search them up to get their posts specifically. Also can't find the posts from accounts that I do follow. Please fix this as this is one of Twitters only redeeming qualities that they have over you.,Neutral,still learn navigat seriously dont care want discover random people post follow page want would search get post specifically also cant find post account follow please fix one twitter redeem qualitie
Google Play,"Very Great App, Much Better Than The Chaos Of Twitter!",Positive,great app much better chao twitter
Google Play,So Much Bugs In The App ! nothing Superb Features Copied Everything From Twitter,Negative,much bug app noth superb feature copi everyth twitter
Google Play,This is just what the world needed.,Positive,world need
Google Play,It keeps stopping while I try to post a photo,Negative,keep stopp try post photo
Google Play,Loving it so far. Would love an edit feature tho ❤️,Positive,lov far would love edit feature tho
Google Play,Copy,Neutral,copy
Google Play,Very Cool app,Positive,cool app
Google Play,Good app,Positive,good app
App Store,Would appreciate to see a following only feed instead of seeing others post that i don’t follow.,Positive,would appreciate see follow fe instead see other post dont follow
Google Play,Threads app is best app this app distroy the Twitter amazing yaar so continuous the meta,Positive,thread app best app app distroy twitter amaz yaar continuou meta
Google Play,Great app. Abhi agile development ho raha hai iss karan se shuruaati features bs aaye hai. Jismein kaam chal Raha hai. Baad mein advanced features bhi aayenge jaise image download aur most hated ADs.,Positive,great app abhi agile development ho raha hai iss karan se shuruaati feature b aaye hai jismein kaam chal raha hai baad mein advanc feature bhi aayenge jaise image download aur hat ad
Google Play,Great app but no themes Only dark them and there is no data save like autoplay you can't control it to never or something I hope next update trying to fix it,Neutral,great app theme dark data save like autoplay cant control never someth hope next update try fix
Google Play,5⭐ Service So I gave 5⭐ 🚧🚧🚧🚧🚧,Positive,service gave
Google Play,"This is a very good social media app, in future it can compete with social media apps like Twitter.",Positive,good social media app future compete social media app like twitter
Google Play,Trending section maybe.,Positive,trend section maybe
App Store,…is that it’s not owned by Elon Musk.,Positive,own elon musk
Google Play,Cool....,Neutral,cool
Google Play,Wonderful... Just need some new features,Positive,wonderful ne new feature
Google Play,"its okayy👌, but could you please add a translation button please",Positive,okayy could please add translation button please
Google Play,It's looks good,Positive,look good
Google Play,"The app is amazing, I really loved it but I am having issues change the mode of the app. It is only on dark mode on my device and I don't know how to change it back",Positive,app amaz really lov issue change mode app dark mode device dont know change back
App Store,"Boring, most followers are just ported over from Instagram and with no hashtags or local content, it’s difficult to find a reason to use.",Negative,bor follower port instagram hashtag local content difficult find reason use
Google Play,Great alternative to the chaos and hate of Twitter.,Positive,great alternative chao hate twitter
Google Play,The real reason why people are quitting Threads because it is literally boring. We have nothing to do on threads rather we prefer using Instagram.,Neutral,real reason people quitt thread literally bor noth thread rather prefer us instagram
Google Play,"If a person removes thread badge on Instagram there should be an option to get back that badge, i mean there's no sense why not you het that back",Negative,person remove thread badge instagram option get back badge mean there sense het back
Google Play,"Very poor app, don't know the actual use",Negative,poor app dont know actual use
App Store,"Its fine ig, its early but it seems kind of clunky so far.",Neutral,fine ig early seem kind clunky far
Google Play,Very nice application,Positive,nice application
Google Play,Nice thread,Positive,nice thread
Google Play,"In this app, you can't control the video and the pictures. Even the data saver doesn't work. Please, there should be a ""never auto autopkay "" and also hide or reduce the pictures quality",Neutral,app cant control video picture even data saver doesnt work please never auto autopkay also hide reduce picture quality
Google Play,"Never thought I would be installing a meta app on my phone but the fumes coming off the cesspool at the original ""internet town square"" is becoming too much.",Positive,never thought would install meta app phone fume com cesspool original internet town square becom much
Google Play,It's just ok. It definitely isn't Twitter. No hashtags and bio character length isn't as long as Twitter. Feels like a beta version.,Negative,ok definitely isnt twitter hashtag bio character length isnt long twitter feel like beta version
Google Play,"Another heavily censored, Trans pedo loving app by the personal data selling scum that own insta and Facebook. For christ sake DO NOT use this app.",Negative,another heavily censor tran pedo lov app personal data sell scum insta facebook christ sake use app
App Store,Will never be better than twitter,Negative,never better twitter
Google Play,Cheap copy of twitter 😦,Negative,cheap copy twitter
Google Play,Wanna know about this app,Negative,wanna know app
Google Play,You can't just copy and paste it... Twitter will always be superior than Threads..!,Negative,cant copy paste twitter alway superior thread
Google Play,This is a cheap imitation of another popular app known as twitter. The interface is average.,Negative,cheap imitation another popular app known twitter interface average
Google Play,The big failure about this app is that attached with Instagram.,Negative,big failure app attach instagram
Google Play,The most restrictive use app that i have ever seen in my life.,Negative,restrictive use app ever seen life
App Store,Twitter without Elon? Sign me up,Positive,twitter without elon sign
Google Play,I need to be famous on the app @max_manso,Neutral,ne famou app maxmanso
Google Play,How will i change it to dark mode,Neutral,change dark mode
Google Play,Threads > twitter 😂,Positive,thread twitter
App Store,Please add DMs sooner or later. I wanna be able to send my friends posts and talk to them on the threads app instead of switching back to instagram,Positive,please add dm sooner later wanna able send friend post talk thread app instead switch back instagram
App Store,Tired of seeing random famous people I dont wanna see on my feed lol,Neutral,tir see random famou people dont wanna see fe lol
Google Play,Twiter tu toh gya,Positive,twiter tu toh gya
Google Play,Very bad,Negative,bad
Google Play,Great app 😁,Positive,great app
Google Play,Flexible currently. But should be improve,Positive,flexible currently improve
Google Play,"Please reduce the size of the app. Also launch a lite version of threads , please.",Neutral,please reduce size app also launch lite version thread please
Google Play,Still too much bugs,Negative,still much bug
Google Play,So glitchy! Like a boot leg Twitter,Negative,glitchy like boot leg twitter
Google Play,Dirty tricks,Negative,dirty trick
Google Play,"It's a great app, but it's crashing when I try to upload a photo. Please have a look",Neutral,great app crash try upload photo please look
Google Play,I am very said when i have a fastest internet and the thread is always loading loading and loading very disappointed,Negative,said fastest internet thread alway load load load disappoint
Google Play,For Twitter. #TeamElonMusk,Negative,twitter teamelonmusk
Google Play,Boring,Neutral,bor
Google Play,"Garbanzo, looks like MySpace had a bastard with Twitter. Terrible UI and nothing relevant.",Negative,garbanzo look like myspace bastard twitter terrible ui noth relevant
Google Play,Mark Zuckerberg sir thank for threading application can you please and I suggest you new application similar by sanpchaat good opportunity for you ☺️,Positive,mark zuckerberg sir thank thread application please suggest new application similar sanpchaat good opportunity
Google Play,"Very promising so far, interested to see where it goes. Will adjust my review later when I've really gotten some good use out of it.",Positive,promis far interest see goe adjust review later ive really gotten good use
Google Play,"Could be promising, but it's already randomly closing out entirely. I feel like instead of developing a new app, Meta should just focus on making its current apps work like they should.",Neutral,could promis already randomly clos entirely feel like instead develop new app meta focu mak current app work like
Google Play,New app very Hot app 😍😍😍,Positive,new app hot app
Google Play,It's full of glitch.. can't even scroll,Negative,full glitch cant even scroll
Google Play,"Why is it that when I post a video, the sound does not appear with the video?",Neutral,post video sound appear video
Google Play,"Threads has definitely grown on me, the algorithm has also gotten drastically better for me which helps a lot. It's only little problems I have with the app now. Wish there was an option to hide reposts from people I follow. Really wish we could pinch and zoom on images; and wish videos would unmute when opened. Otherwise, this is a tremendous first release. It seems to accomplish the goal of Twitter's For You page well and in a way that is enjoyable to use.",Positive,thread definitely grown algorithm also gotten drastically better help lot little problem app wish option hide repost people follow really wish could pinch zoom image wish video would unmute open otherwise tremendou first release seem accomplish goal twitter page well way enjoyable use
App Store,I havent installed yet but im giving one star in advance,Negative,havent install yet im giv one star advance
Google Play,Get something of your own mark,Negative,get someth mark
Google Play,Good one,Positive,good one
Google Play,Some bugs in this application please solve all problems...,Negative,bug application please solve problem
Google Play,"I m getting problm in downloading the app. The app not able to get installed , it have some bugs . Please review it.",Negative,m gett problm download app app able get install bug please review
Google Play,Lot of bugs in this application.,Negative,lot bug application
Google Play,Great app!,Positive,great app
Google Play,Very nice. Thanks to meta. I am a big fan of Mark Zuckerberg 🫡🫡. You are my boss.,Positive,nice thank meta big fan mark zuckerberg boss
Google Play,"Requires an Instagram account, I don't want 2 apps just to use 1. Uninstall.",Neutral,require instagram account dont want app use uninstall
App Store,I dont even want to go on the app anymore because I see so much random stuff. Fix it to where I only see what my friends post.,Negative,dont even want go app anymore see much random stuff fix see friend post
Google Play,One of best app for future,Positive,one best app future
Google Play,"I cant post a picture oh threads, it force close by it self",Neutral,cant post picture oh thread force close self
App Store,"Read the Terms of Service, they’re insane and make other social media platforms look harmless when it comes to spying on you.

Meta recently hired several “former” CIA and FBI to work on threads. Not a coincidence.",Negative,read term service theyre insane make social media platform look harmless come spy meta recently hir several former cia fbi work thread coincidence
Google Play,I am using threads from 7 July but I didn't get any followers. Although I am posting positive content after every five hours.,Negative,us thread july didnt get follower although post positive content every five hour
Google Play,"Awful App - I was inundated with posts from people I wasn't following, and there's no way to stop it, so I couldn't find posts from people I was following, so deleted it.",Negative,awful app inundat post people wasnt follow there way stop couldnt find post people follow delet
Google Play,This app is very sweet and nice. The funny part of it is that it's easy to gain followers,Positive,app sweet nice funny part easy gain follower
Google Play,This app is very good 😊😊😊 i,Positive,app good
App Store,"The app loads up nice and quick, the interface is nice, and the profile set up was painless. But I can't post anything because the app just crashes every time I attempt to",Negative,app load nice quick interface nice profile set painless cant post anyth app crashe every time attempt
Google Play,I am person who end 2M and start 2.1,Positive,person end m start
Google Play,"For some reason, I cannot use this app properly. It's having a glitch throughout and it's annoying. The whole page is filled with glitches. Please do something about it.",Negative,reason cannot use app properly glitch throughout annoy whole page fill glitche please someth
Google Play,Doesn't charge me to use the app. All I need,Positive,doesnt charge use app ne
Google Play,"YOU CANT DELETE YOUR THREADS ACCOUNT UNLESS YOU DELETE YOUR INSTAGRAM also it doesn't have hastags, and its still an insta product so no nudity",Negative,cant delete thread account unless delete instagram also doesnt hastag still insta product nudity
Google Play,After using this app my Instagram account stop working. Even I can't open Instagram app on my device. What should I do?,Negative,us app instagram account stop work even cant open instagram app device
Google Play,basically twitter,Neutral,basically twitter
Google Play,My first 2 posts haven't been uploaded for over 1hr now. What's up?,Negative,first post havent upload hr what
Google Play,"There's only one thing left, dude. Mr. Zuck, hit us up with a DM, ya know? Saw a beautiful girl on this app, but can't seem to find no DM option.",Positive,there one th left dude mr zuck hit u dm ya know saw beautiful girl app cant seem find dm option
Google Play,It should be for non instagram users also.,Negative,non instagram user also
Google Play,Good apps,Positive,good app
Google Play,"So far, so good. Simple and easy to use!",Positive,far good simple easy use
Google Play,Not show view,Neutral,show view
Google Play,Keeps crashing! Can't post anything.,Negative,keep crash cant post anyth
App Store,verify me since I’m the first review please 🫶🏾,Positive,verify since im first review please
Google Play,"This is a very good social media platform, it is much better than twitter, I hope that the application will continue to work well.",Positive,good social media platform much better twitter hope application continue work well
App Store,Better than twitter 👍,Positive,better twitter
Google Play,"No more homophobic, transphobic, xenophobic CEO to ruin your day!",Positive,homophobic transphobic xenophobic ceo ruin day
Google Play,It is a very unique app in terms of design 🫡,Positive,unique app term design
Google Play,Very poor apps,Negative,poor app
Google Play,Very easy to use,Positive,easy use
Google Play,Worst app,Negative,worst app
Google Play,It's a great app but boring tbh. Hoping to improve it more!!,Neutral,great app bor tbh hop improve
Google Play,Very good app,Positive,good app
Google Play,Overall I love the app. However.... I have not been able to follow new people or follow back any of my new followers for over 3 days now and I can not get anyone to help with this issue. Ive even tried to become verified but guess what can't do that either. This is very very frustrating!!!!! 3 stars because of this issue could be 5 if someone from support could help me out.** 5 days now so I'm going to start dropping the stars.,Negative,overall love app however able follow new people follow back new follower day get anyone help issue ive even tri become verifi guess cant either frustrat star issue could someone support could help day im go start dropp star
Google Play,Buggy app on Android,Negative,buggy app android
Google Play,"The more you praise this app, the less it is because its features are amazing.",Positive,praise app less feature amaz
Google Play,App Doesn't work properly.. Showing some error please fix this problem,Negative,app doesnt work properly show error please fix problem
Google Play,"Na, too like Twitter but owned by Meta. I'll take Twitter 2.0 over Threads any day. No censorship which is all Meta/Facebook does...",Negative,na like twitter own meta ill take twitter thread day censorship metafacebook
App Store,Facebook making new apps when all we want to know is when Zuck is gonna fight Elon,Neutral,facebook mak new app want know zuck gonna fight elon
Google Play,Works seamlessly for me with no errors. Quick easy access to the functions I use most often.,Positive,work seamlessly error quick easy access function use often
Google Play,It's really a great apk,Positive,really great apk
Google Play,Loving it so far,Positive,lov far
Google Play,Best opportunity by Instagram,Positive,best opportunity instagram
Google Play,Good start but still needs so many features like Twitter if meta really wants to succeed.,Neutral,good start still need many feature like twitter meta really want succe
Google Play,"Very vest of time application, worst experience, copy of Twitter, threads is a Twitter little brother, I deleted threads and all so Instagram, and Instagram like a tik tok 2.0 version, and really rate of both app 100/-1 they are deserving this rate.",Negative,vest time application worst experience copy twitter thread twitter little brother delet thread instagram instagram like tik tok version really rate app deserv rate
App Store,"Whatever anyone says this app is the best thing to come out right now ever since musk took over twitter. Threads is basically like a big group chat and we’re all like a family
on there. Nobodies being weird or saying out of pocket things everyone is actually nice to each other, unlike the other app. Zuck you really stepped up and made one of the best apps out there. And everyone is already addicted, keep it up!",Positive,whatever anyone say app best th come right ever since musk took twitter thread basically like big group chat like family nobodie weird say pocket thing everyone actually nice unlike app zuck really stepp made one best app everyone already addict keep
App Store,not even a completed app,Negative,even complet app
Google Play,"I want to know one thing that Instagram still underdevelopment, cannot serve ads and start payment for users alike YouTube, and developing new app... First develope Insta fully, so users can earn on insta and value of insta should go up ... People making reels to earn as they are earning from youtube.",Neutral,want know one th instagram still underdevelopment cannot serve ad start payment user alike youtube develop new app first develope insta fully user earn insta value insta go people mak reel earn earn youtube
Google Play,"Great App! Reminds me of the early days of another app. ;) If you're looking for something new, it's the place to go. Love the Clean/Minimal UI. Looking forward to the future of the App.",Positive,great app remind early day another app youre look someth new place go love cleanminimal ui look forward future app
App Store,"Overall I think the app is pretty good for it being just released but as of now the only thing i can think  of that would make it a lot better for me personally is a section for threads you don’t want to post yet or just want to keep to yourself— essentially drafts. There have been many threads i have wanted to draft just to keep them for myself but can’t because the app simply doesn’t have that feature as of now, but i hope that as the app develops and updates more that we will have it in the future along with many other things",Positive,overall think app pretty good releas th think would make lot better personally section thread dont want post yet want keep essentially draft many thread want draft keep cant app simply doesnt feature hope app develop update future along many thing
Google Play,"It doesn't matter who you follow, everyone's posts go on your wall and you have to physically block the 100 million you don't want to see one at a time. They Zuckered it up real good. 1 billion ads.",Negative,doesnt matter follow everyone post go wall physically block million dont want see one time zucker real good billion ad
Google Play,"Clean and Nice UI . I like it so far , but there are some points need to be fixed . 1- i follow Arabic and English content in my account, but the alignment is bad , if put the app language is English, the Arabic content will be a chaos and vice versa . 2- waiting for the follow and hashtags features, I'm ready to give it 5 stars after these points fixed .",Neutral,clean nice ui like far point ne fix follow arabic english content account alignment bad put app language english arabic content chao vice versa wait follow hashtag feature im ready give star point fix
Google Play,Nice app for experience some new like knowledge and fun etc,Positive,nice app experience new like knowledge fun etc
App Store,"I am hoping this app will replace Twitter eventually but some features should be added like translation, GIF’s etc keep working on it it’s promising but so far it feel like another version of ig but not as streamlined.",Neutral,hop app replace twitter eventually feature add like translation gif etc keep work promis far feel like another version ig streamlin
Google Play,My app crashes when I try to post pictures,Neutral,app crashe try post picture
Google Play,Interesting🧐,Positive,interest
App Store,Otherwise it’ll be just as toxic as twitter,Positive,otherwise itll toxic twitter
Google Play,"Recently using it and there's an error in this app. I am reloading the screen for the nth times and the only thing it says is ""something went wrong""",Neutral,recently us there error app reload screen nth time th say someth went wrong
Google Play,This new app is so great to comunicate with others.,Positive,new app great comunicate other
Google Play,NOT BAD ALL THE FEATURES AVLIAVLE 💓💓,Positive,bad feature avliavle
Google Play,This app very good but so give me blue tick ❤️❤️ Farhad khan,Positive,app good give blue tick farhad khan
Google Play,"umm, am i the only one who's experiencing a force close bug when trying to click on repost notifications? it's happened all the time smh.",Neutral,umm one who experienc force close bug try click repost notification happen time smh
Google Play,Im in already love with this app ❣️,Positive,im already love app
Google Play,Not tried it yet but i think it needs a 5 star rating,Positive,tri yet think need star rat
App Store,"I like it but there are basic features missing (photo edits in thread, hashtags) and how about a user guide? We know not everyone has it but after the c r a p from twatter, let's make threads happen.",Positive,like basic feature miss photo edit thread hashtag user guide know everyone c r p twatter let make thread happen
Google Play,Boring,Negative,bor
Google Play,Great 👍,Positive,great
Google Play,Great app,Positive,great app
App Store,Can't explain why but it feels like Facebook. And it's sooooo connected to your IG that you don't really feel free to say anything. Also no +18 makes this a big nono,Negative,cant explain feel like facebook sooooo connect ig dont really feel free say anyth also make big nono
Google Play,Installed / Got bored / Uninstalled.,Negative,install got bor uninstall
Google Play,Lets see how many followers I'm gonna get from here my user @arh4mm,Positive,let see many follower im gonna get user arhmm
App Store,5 stars after this is implemented,Neutral,star implement
Google Play,I downloaded the app but it wont work smoothly on my phone and my andriod is version 9 which means it compatible for it. But any time i want to scroll through the feed the writeup get clumsy together and the text and images start shaking...how can i rectify this problem?,Negative,download app wont work smoothly phone andriod version mean compatible time want scroll fe writeup get clumsy together text image start shakinghow rectify problem
Google Play,The algorithm is not that great yet. Why am I seeing threads from celebs that I don't necessarily follow? It was nice for a while then poof random celeb threads appeared and I simply hated it. I wish there was a way to only see threads from people you follow.,Neutral,algorithm great yet see thread celeb dont necessarily follow nice poof random celeb thread appear simply hat wish way see thread people follow
Google Play,"Very nice app,who will beat twetter",Positive,nice appwho beat twetter
Google Play,Because Elon musk crying 😂,Negative,elon musk cry
Google Play,Better than Twitter 🐦,Positive,better twitter
Google Play,App not working properly... Screen getting fluctuations and blurred. Kindly fix it.,Negative,app work properly screen gett fluctuation blurr kindly fix
Google Play,I am using this app. I think it's quite good . Mark Zuckerberg well done..👍👍,Positive,us app think quite good mark zuckerberg well done
Google Play,It still lacks lots of features but there's hope for the future. I appreciate the competition it brings to the table.,Neutral,still lack lot feature there hope future appreciate competition bring table
Google Play,it's glitching,Negative,glitch
Google Play,Nice app with features you would expect for a first release. However it does crash to the homescreen after doing actions in the app sometimes,Neutral,nice app feature would expect first release however crash homescreen action app sometime
Google Play,An ugly copy of twitter.,Negative,ugly copy twitter
Google Play,Great 👍,Positive,great
Google Play,Great app but add an option to create account without Instagram. I like threads but I hate using Instagram.,Negative,great app add option create account without instagram like thread hate us instagram
Google Play,"A general flexible and nice app, missing some features but if it's one thing I know about mark Zuckerberg he always brings the updates",Positive,general flexible nice app miss feature one th know mark zuckerberg alway bring update
Google Play,Good👍. But not necessary to use,Positive,good necessary use
Google Play,Better than Twitter.,Positive,better twitter
Google Play,Idk y dis app can't deactivate account permanently. Twitter and threads. Wats going on?!,Negative,idk y di app cant deactivate account permanently twitter thread wat go
Google Play,This is a quick suggestion! While uploading files their is no option to navigate to sub directories... You only have an option to upload via gallery as a whole... I mean only all the media from the phone is visible.. No navigation option for subdirectory is available... Please incorporate the change.,Neutral,quick suggestion upload file option navigate sub directorie option upload via gallery whole mean media phone visible navigation option subdirectory available please incorporate change
Google Play,"Clean off the jump. As a less than average Twitter user, I can see the appeal right away here. Will update review as necessary.",Positive,clean jump less average twitter user see appeal right away update review necessary
Google Play,copy twitter +paste = threads,Negative,copy twitter paste thread
Google Play,Giving a strong competition to Twitter. Loving this app.❤️❤️,Positive,giv strong competition twitter lov app
Google Play,Why this app is not on huawei APP Gallery? I badly want this app 😔,Positive,app huawei app gallery badly want app
Google Play,"I like that it doesn't show like count but number of replies. Social Media is about community, not popularity. Good job Instagram and Meta!",Positive,like doesnt show like count number replie social media community popularity good job instagram meta
Google Play,Hate it.,Negative,hate
Google Play,Great,Positive,great
Google Play,So far its bad but its new app so we gotta wait until its better,Neutral,far bad new app gotta wait better
Google Play,Sasta Twitter 🤣,Negative,sasta twitter
Google Play,Sir it's good but in my phone sir always happening crash problem sir whenever I am opening my threads app always crash happens plz 🙏 solve this problem sir as soon as possible...,Negative,sir good phone sir alway happen crash problem sir whenever open thread app alway crash happen plz solve problem sir soon possible
Google Play,The app is smooth to use can't wait for more features !,Positive,app smooth use cant wait feature
Google Play,I keep crashing while typing a thread and it's really long and now gone,Negative,keep crash typ thread really long gone
Google Play,"In android, the screen and texts are smeared",Negative,android screen text smear
Google Play,It keeps crashing the moment I open it I go back to my home screen,Negative,keep crash moment open go back home screen
App Store,"Useless, wouldn’t trust Facebook/meta/threads  with my personal data if my life depended on it.",Negative,useless wouldnt trust facebookmetathread personal data life depend
Google Play,Can't post any pictures. Why can some people post photos but I can't? Definitely reflecting my rating of this app!,Negative,cant post picture people post photo cant definitely reflect rat app
Google Play,The app keeps glitching and bug on my phone,Negative,app keep glitch bug phone
Google Play,"I installed this thread app 2 or 3 times but still it is getting fully glitched if it was pbm of my phone thn whatsApp, insta all shld have got glitched. Didn't like this app . Sorry.. But i appreciate the hard work u ppl have put to make this application.",Negative,install thread app time still gett fully glitch pbm phone thn whatsapp insta shld got glitch didnt like app sorry appreciate hard work u ppl put make application
Google Play,There is a difficulty to download the app however the network is OK in my region.,Negative,difficulty download app however network ok region
Google Play,Glitch app not working,Negative,glitch app work
Google Play,Stop showing me posts from accounts I don't follow,Negative,stop show post account dont follow
Google Play,Story Thevaych Option Dya Jara 😅🤣🙏,Positive,story thevaych option dya jara
Google Play,Good stuff,Positive,good stuff
Google Play,Just got in threads and I am super happy with it! Can't wait to do my next post!,Positive,got thread super happy cant wait next post
Google Play,"Not a perfect app,",Negative,perfect app
Google Play,"it was supposed to be a copy of twitter, but they copied it badly",Negative,suppos copy twitter copi badly
Google Play,Great design and awesome features but sometimes app isn't working prorperly and showing insta followers on threads and somehow disappearing threads posts. Need little bit fixing.,Neutral,great design awesome feature sometime app isnt work prorperly show insta follower thread somehow disappear thread post ne little bit fix
Google Play,Copy cat cant even do basic functions properly,Negative,copy cat cant even basic function properly
Google Play,Very Good App,Positive,good app
Google Play,Cool,Positive,cool
Google Play,Cool.,Positive,cool
App Store,I will stop using Twitter immediately if Threads is on web,Neutral,stop us twitter immediately thread web
Google Play,"I love this app, way fewer spam bots than most, great community. Needs a few more features and that's it.",Positive,love app way fewer spam bot great community need feature that
Google Play,"I have Android 9, and the app goes crazy once I open it. It is rendering all the screens at once, so whenever I scroll, all of it renders at once instead of rendering just one screen. Disappointed",Negative,android app goe crazy open render screen whenever scroll render instead render one screen disappoint
Google Play,Full of glitches 😞😞😞😭,Negative,full glitche
Google Play,Trash. Can't even select your username. Just another useless app from Meta.,Negative,trash cant even select username another useless app meta
Google Play,Better than Twitter,Positive,better twitter
Google Play,My experience is that I am the 1st user to rate this app . Another experience is that the app is a rivalry motivated product with a expectation to beat Twitter... Let's ride...,Positive,experience st user rate app another experience app rivalry motivat product expectation beat twitter let ride
Google Play,It's kindaa fun to use but what is it use for mark bruhhhhhu 😂,Positive,kindaa fun use use mark bruhhhhhu
Google Play,The app glitches on my phone.,Negative,app glitche phone
Google Play,This good group message photo,Positive,good group message photo
Google Play,"Needs more work, its ok but it keeps putting in unwanted posts",Neutral,need work ok keep putt unwant post
Google Play,"This app is good but i hope in the next update they add something that we can put back the ""thread badge"" on our Instagram profile, i removed the badge and realized its much easier for my friends to track my thread. Plsss add it so ppl can also decide to remove or put it back huhu",Positive,app good hope next update add someth put back thread badge instagram profile remov badge realiz much easier friend track thread plsss add ppl also decide remove put back huhu
Google Play,Not worth it,Negative,worth
Google Play,Threads is better than Twitter 🐦,Positive,thread better twitter
Google Play,It's better than twitter,Positive,better twitter
Google Play,Cool app,Positive,cool app
Google Play,Can't see any use of the apo.,Negative,cant see use apo
Google Play,Threads wow ❤️🤩,Positive,thread wow
Google Play,"Some sort of static content retention mechanism to show the last seen Thread before closing the app after a re-open would be perfect. New threads should show thumbnail of their publisher's pfp at the top, giving the user the control to go up or go down the feed.",Neutral,sort static content retention mechanism show last seen thread clos app reopen would perfect new thread show thumbnail publisher pfp top giv user control go go fe
Google Play,Very boring app,Negative,bor app
Google Play,hello my name is akbar lovely bajire bbj thank you,Neutral,hello name akbar lovely bajire bbj thank
App Store,recently installed the Threads app. Looks good. 5 stars,Positive,recently install thread app look good star
App Store,"I've done all I know to do short of reformat my device. I know I don't have the latest hardware, but it is up to date. If I try to post or comment it crashes.",Negative,ive done know short reformat device know dont latest hardware date try post comment crashe
Google Play,Twitter rip-off Enough said,Neutral,twitter ripoff enough said
Google Play,I hope it will be good,Positive,hope good
Google Play,Very glitchy first experience. While scrolling all the text leaves a trail of itsself and doesnt get refreshed. So it's hard to scroll and read.,Negative,glitchy first experience scroll text leave trail itsself doesnt get refresh hard scroll read
App Store,"To be fair tho what

Vik??

Did I? 
I thought that was Harry who said that
No vik you literally said to be fair tho
Oh oh I was agreeing with Harry",Positive,fair tho vik thought harry said vik literally said fair tho oh oh agree harry
Google Play,"I understand it's connected to Instagram, but being a text based app, shouldn't it have messaging features as well?",Neutral,understand connect instagram text bas app shouldnt messag feature well
Google Play,I want to delete this stupid app without deleting my insta. Fix it.,Negative,want delete stupid app without delet insta fix
Google Play,Cool👍🏻,Positive,cool
Google Play,Another Instagram worst,Negative,another instagram worst
Google Play,The app is good its almost like twitter Just implement the trending 📈 feature and add aome new other features that twitter lack,Positive,app good almost like twitter implement trend feature add aome new feature twitter lack
App Store,Like this games. Threads.,Positive,like game thread
Google Play,Instagram account holder only login thread why,Negative,instagram account holder login thread
Google Play,can't upload photos,Neutral,cant upload photo
Google Play,Nice app threads Twitter to gya,Positive,nice app thread twitter gya
Google Play,It's a good platform but you want to also add a hashtag features on it,Neutral,good platform want also add hashtag feature
Google Play,"Power move, Zuch!",Positive,power move zuch
Google Play,Better app than twitter,Positive,better app twitter
Google Play,"I dont know how to feel, so its like a tamed version of twitter with the people you follow on insta? I dont get it",Negative,dont know feel like tam version twitter people follow insta dont get
App Store,"There is a world in which this app could elevate to simply being mediocre. However, in our world, any potential good functionality has been sacrificed in the name of the almighty algorithm and the glazed-eye dream of corporate profits. Most social media apps tried to entice you with an initially good experience. This app boldly gives you a terrible experience up front. Let’s instead hang out on Mastodon.",Negative,world app could elevate simply mediocre however world potential good functionality sacrific name almighty algorithm glazedeye dream corporate profit social media app tri entice initially good experience app boldly give terrible experience front let instead hang mastodon
Google Play,"You can't compete against Twitter if you sensor and have horrible data access policies... Who are these ""independent fact checkers"" that pop up on my posts?",Negative,cant compete twitter sensor horrible data access policie independent fact checker pop post
Google Play,I don't want to use both Twitter and Instagram in same app it sucks..🤣😆,Negative,dont want use twitter instagram app suck
Google Play,After installation texts are overlapping on each other,Negative,installation text overlapp
Google Play,"I realize the app is in its infancy, but this thing is really inconvenient. I can only use the app from my phone to post. I can't use it on my laptop at all, not even taking something from my Instagram page and crossposting. Please fix this. Allow us to post from devices other than just phones. I have failing eyesight and this becomes a real problem for me because my phone screen (and anything I write using it) is so small.",Negative,realize app infancy th really inconvenient use app phone post cant use laptop even tak someth instagram page crosspost please fix allow u post device phone fail eyesight become real problem phone screen anyth write us small
Google Play,I dunno what happened but can you bring back my account?? like fr my threads suddenly got disabled and now even my Instagram account was disabled.. seriously I shouldn't have downloaded this app if I know what's gonna happen,Negative,dunno happen br back account like fr thread suddenly got disabl even instagram account disabl seriously shouldnt download app know what gonna happen
Google Play,"I don't use Instagram, I quit it but I wanna try threads and it's not allowing without insta account.",Negative,dont use instagram quit wanna try thread allow without insta account
Google Play,A good application,Positive,good application
Google Play,"The worst app ever, no feature, just random people out of nowhere, unstable and laggy.",Negative,worst app ever feature random people nowhere unstable laggy
App Store,"I like being able to have this option - I'm not necessarily opposed to it. But PLEASE... for the love of everything that is good in this world - bring back old Instagram!!! I know SO MANY people who would get back on Instagram if y'all focused on POSTS again & made a SEPARATE app for reels. If you can make a separate app for these functions, please also make a separate app for the other new features you had added. This would truly be mutually beneficial.",Negative,like able option im necessarily oppos please love everyth good world br back old instagram know many people would get back instagram yall focus post made separate app reel make separate app function please also make separate app new feature add would truly mutually beneficial
Google Play,"its good , with nice ui , but i wish there was an option where you could get rid of the timeline full of influencers and celebs when you refresh. its so annoying seeing posts from people i dont know and dont follow, probably the only thing stopping me from moving over to threads entirely , i hate it",Neutral,good nice ui wish option could get rid timeline full influencer celeb refresh annoy see post people dont know dont follow probably th stopp mov thread entirely hate
Google Play,BRO..THIS APP CRASHES A LOTT..I MEAN..AS SOON AS I OPEN THE APP..IDK WHAT HAPPENES..EBERY BUTTON OR TEXT OR IMAHE START OVERLAPPING EACH OTHER OR SOMETHING..IDK BUT THIS JS HAPPENING WITH MOST OF US..FIXX IT AS SOON AS POSSIBLE..WE CAN'T DO A SINGLE TASK WITH THIS GLITCH..I WANNA CHECK THE APP AND ITS FEATURES..BUT THIS SRUPID GLITCH IN FRONT APPERS AND DOESN'T END,Negative,brothi app crashe lotti meana soon open appidk happenesebery button text imahe start overlapp somethingidk j happen usfixx soon possiblewe cant single task glitchi wanna check app featuresbut srupid glitch front apper doesnt end
Google Play,"For first experience, the app is good. Maybe later could you please add inbox/DM feature, and section for media (pics n vids) in profile section together with thread and reply. Please add section for media so we wont need to scroll so much for pics we upload. Thanks",Positive,first experience app good maybe later could please add inboxdm feature section media pic n vid profile section together thread reply please add section media wont ne scroll much pic upload thank
Google Play,Nthing special,Neutral,nth special
Google Play,Why on God's green earth you need my medical info access? I can't believe it!,Negative,god green earth ne medical info access cant believe
Google Play,Good copy of Twitter but not better than Twitter 😅,Neutral,good copy twitter better twitter
Google Play,Trash,Negative,trash
Google Play,"Yes, it's a new app. But Meta is not exactly an indie developer! There is literally no reason to be flooding us with Rando Accounts. That should have been basic functionality from Day 1. But like Instagram, seems Threads just wants to push random posts on us whether we like it or not. Until basic functions are in, I'll be sticking with Twitter.",Negative,ye new app meta exactly indie developer literally reason flood u rando account basic functionality day like instagram seem thread want push random post u whether like basic function ill stick twitter
Google Play,Useless pale copy of Twitter without soul and no fun and tremendous use of data. Pointless.,Negative,useless pale copy twitter without soul fun tremendou use data pointless
Google Play,Needs chronological timeline of follows,Negative,need chronological timeline follow
Google Play,Bad experience at all,Negative,bad experience
App Store,"App that was definitely just dropped because people were fussing about twitter again and don’t get me wrong because I’d love to see new competition so twitter will step up and stop making dumb decisions, but as of now, why would I have any reason to use threads? Profiles are boring and messy, no customization besides changing your icon and putting a link, no pinned posts or some sort of media tab, no way to browse people you ACTUALLY follow, and what was the point of flexing no ads if the following feed is brand after brand after brand anyways?   There’s also no dms. 
Uninstalled after muting over a hundreds accounts, random celebrities and tiktok stars and brands I’ve never even heard of just keep appearing. Not worth your time, just keep using instagram because really, what’s the point of this app with how empty it is? Maybe in the future they will add dms and options to pin posts or have a media tab, but I legitimately can’t believe people were hyping up what’s half of a finished app",Negative,app definitely dropp people fuss twitter dont get wrong id love see new competition twitter step stop mak dumb decision would reason use thread profile bor messy customization beside chang icon putt link pinn post sort media tab way browse people actually follow point flex ad follow fe brand brand brand anyway there also dm uninstall mut hundred account random celebritie tiktok star brand ive never even heard keep appear worth time keep us instagram really what point app empty maybe future add dm option pin post media tab legitimately cant believe people hyp what half finish app
Google Play,It's is good,Positive,good
Google Play,"Competion is good, an alternative to Twitter was long due.",Positive,competion good alternative twitter long due
Google Play,"Too much data collection and can't trust meta with my data, history has proven that meta is selling data or it get leaked very easy",Negative,much data collection cant trust meta data history proven meta sell data get leak easy
Google Play,"can I see the photos and videos designed alone, can we go live video, please",Neutral,see photo video design alone go live video please
Google Play,"Pretty good app apparently it's like classic Twitter. It could use a few tweaks and adjustments especially the ability to edit your thread and better audio support for videos as well as gif insertion, also a timeline just for the people you follow would be great too, but otherwise it's solid.",Neutral,pretty good app apparently like classic twitter could use tweak adjustment especially ability edit thread better audio support video well gif insertion also timeline people follow would great otherwise solid
Google Play,"I try to upload a picture or video, then the app crashes... Hopefully it gets fixed. Good app anyways, great alternative to Twitter for real.",Neutral,try upload picture video app crashe hopefully get fix good app anyway great alternative twitter real
Google Play,"Hey ,please don't make same color and options like Instagram make it different and use some color with the opening logo. I like the sign up option with Instagram but again I tell you please don't mix insta and thread together",Neutral,hey please dont make color option like instagram make different use color open logo like sign option instagram tell please dont mix insta thread together
Google Play,Copy,Negative,copy
Google Play,Terrible and boring app!!!,Negative,terrible bor app
Google Play,Nice as comptiter of Twitter,Positive,nice comptiter twitter
Google Play,need more features,Positive,ne feature
Google Play,Good app,Positive,good app
Google Play,Very very buggy! If I try to scroll all the info on screen drags and overlays on top of each other. It's unusable,Negative,buggy try scroll info screen drag overlay top unusable
Google Play,How upload profile picture 📸,Negative,upload profile picture
Google Play,TWITTER S BEST HAI 😅,Positive,twitter best hai
Google Play,Very Good app 👍🏻,Positive,good app
Google Play,"This disgustingly look exactly like Twitter, create your own thing. It's stealing 🚫",Negative,disgustingly look exactly like twitter create th steal
Google Play,Just a cheap knockoff of twitter no special features nothing different to stand out,Negative,cheap knockoff twitter special feature noth different stand
App Store,"as the tittle says, pretty decent & has potential! but personally, as i’m sure others would agree too (i also know you’re still developing/tweaking) but i would love my home feed/timeline to consist of ONLY the people i follow. i’d like a separate explore tab with all the random ppl (the home page you currently have) would be nice! i would love to pick & choose when i get to see random people i don’t follow because my home page just feels like spam/junk mail with zero access to content i actually care about.  also, would love to see a, who i’m following tab as well. thanks!",Neutral,tittle say pretty decent potential personally im sure other would agree also know youre still developingtweak would love home feedtimeline consist people follow id like separate explore tab random ppl home page currently would nice would love pick choose get see random people dont follow home page feel like spamjunk mail zero access content actually care also would love see im follow tab well thank
Google Play,2rd copy of Twitter Zuck keyboard = copy & paste 😤😤😤,Negative,rd copy twitter zuck keyboard copy paste
Google Play,"Please be my pin, because I'm the thread that you need 😜😮‍💨",Positive,please pin im thread ne
Google Play,"If you will login once in threads, you can't delete your threads profile ever. If you want to delete your threads profile, your Instagram profile will also delete. You can only deactivate the threads account. So think before download.",Negative,login thread cant delete thread profile ever want delete thread profile instagram profile also delete deactivate thread account think download
Google Play,Good app!,Neutral,good app
App Store,"it’s basically a way to connect with people who are interested in what you are interested in aswell, nice app zuckerberg 📝",Positive,basically way connect people interest interest aswell nice app zuckerberg
App Store,"I can't log in into this application and i don't know why! 
I'll be thankful that someone helps me :)
I've tried many times but i just recived erros but nothing..",Negative,cant log application dont know ill thankful someone help ive tri many time reciv erro noth
Google Play,Because My video viws not coming,Negative,video viw com
Google Play,"Fixed the comment pane, tks 👍👍👍",Positive,fix comment pane tk
Google Play,Good aap. It's good to see that they are providing a threads version.,Neutral,good aap good see provid thread version
Google Play,Nice job with you guys and gold for you guys,Positive,nice job guy gold guy
Google Play,The rest of the age will come to know experiment when it is necessary to be more and different even if all looked same yes (feature) could have been introduced in some new form. But he was not kept equal to his rival. It is expected that more good things will be seen in the future.,Neutral,rest age come know experiment necessary different even look ye feature could introduc new form kept equal rival expect good thing seen future
Google Play,If insta and Twitter had a child,Positive,insta twitter child
Google Play,As is it's impossible to use. I do not have an Instagram account. I cannot use the app without creating an Instagram account. You cannot create an Instagram account from within the app. Ergo the app is impossible to use without already having an Instagram account or going to Instagram to create an account outside of the app. 0/10,Negative,impossible use instagram account cannot use app without creat instagram account cannot create instagram account within app ergo app impossible use without already instagram account go instagram create account outside app
Google Play,Very nice this app💜,Positive,nice app
Google Play,Why its connected with Instagram.. i installed it and open account from insta. Now this thread badge is shown up in insta's bio. I Removed it many times from there..but its again shown on page refresh. Please do this app independently from insta...or i uninstall both the app..🙂,Negative,connect instagram install open account insta thread badge shown insta bio remov many time therebut shown page refresh please app independently instaor uninstall app
Google Play,Nice this twit app,Positive,nice twit app
Google Play,Theif,Negative,theif
Google Play,Wow 😮 very good,Positive,wow good
Google Play,Nice app..... Add DMs to it and allow me to pin a post ☺️,Positive,nice app add dm allow pin post
Google Play,Musk ko compitition 👍👍✌️,Positive,musk ko compitition
Google Play,It's fun ...but need translate tweet option as soon as possible,Positive,fun ne translate tweet option soon possible
Google Play,Good Application,Positive,good application
Google Play,Exceptional extraordinary meta experience index over the hurtle and brightening my life.,Positive,exceptional extraordinary meta experience index hurtle brighten life
Google Play,"constantly bugs out, unusable for now",Negative,constantly bug unusable
Google Play,She blocked on redmi note 8,Negative,block redmi note
Google Play,Aap is so interesting. But it is not good,Negative,aap interest good
Google Play,"It's nice App, but you need to bring direct message feature please.",Positive,nice app ne br direct message feature please
Google Play,Breath of fresh Air! I never knew just HOW toxic the other app had gotten until I switched to Threads. It's only been a week and everyday it gets better and better.,Positive,breath fresh air never knew toxic app gotten switch thread week everyday get better better
Google Play,"Why am I facing glitching issues every time I open the app, i tried uninstalling the app and then reinstalling,then also it didn't work, all i could see was an entire screen full of glitches",Negative,fac glitch issue every time open app tri uninstall app reinstallingthen also didnt work could see entire screen full glitche
Google Play,Not bad initiative.,Neutral,bad initiative
Google Play,"The application keeps glitching since i open it, once i touch the screen it glitchs, can't use it at all",Negative,application keep glitch since open touch screen glitch cant use
Google Play,Great application,Positive,great application
Google Play,I think it's good to compete with Twitter. They are creating monopoly.,Positive,think good compete twitter creat monopoly
Google Play,The app crashes often hope you fix it soon,Neutral,app crashe often hope fix soon
App Store,Much to be desired as of now.,Neutral,much desir
App Store,Watch Sound of Freedom! A true story movie about human/child trafficking in certain theaters now or soon to be on Twitter thanks to Elon. The movie was made 5 years ago and they’ve tried to put it on all streaming platforms and got denied by all of them. Multiple roadblocks in their way but the truth always comes out. Gods children are not for sale.,Negative,watch sound freedom true story movie humanchild traffick certain theater soon twitter thank elon movie made year ago theyve tri put stream platform got deni multiple roadblock way truth alway come god children sale
Google Play,Wish I didn't have to have an Instagram account to use this. It is what it is I guess...,Negative,wish didnt instagram account use guess
App Store,"App is terrible. A rip off of Twitter and Zuck just wants to be Elon so bad. These clowns in these reviews saying Twitter is dead are just full of it and just be bots. Enjoy your one sided views on everything, with no opinions from the other side to promote discussion and critical thinking. Uninstalling immediately.",Negative,app terrible rip twitter zuck want elon bad clown review say twitter dead full bot enjoy one sid view everyth opinion side promote discussion critical think uninstall immediately
Google Play,The only reason I'm giving it a three star is because when you follow people they don't show up on your feed it's a bunch of random users other than that the app itself is pretty cool,Neutral,reason im giv three star follow people dont show fe bunch random user app pretty cool
Google Play,I cannot download this app as the button which is for the word download does not appear .,Positive,cannot download app button word download appear
App Store,"No chronological feed, no control over what posts you see in your feed. Following people is basically useless. Don’t download this or you will have to delete your Instagram to delete threads.",Negative,chronological fe control post see fe follow people basically useless dont download delete instagram delete thread
Google Play,It can be something good in the future.,Neutral,someth good future
App Store,"So I had enough time to use this app and it’s going places 

All I wish for is:
The ability to have multiple accounts like instagram 
More settings 
Stories should be on threads also 
Direct messaging (end to end encrypted)
And others but overall it’s a very great app",Positive,enough time use app go place wish ability multiple account like instagram setting storie thread also direct messag end end encrypt other overall great app
Google Play,hello spyware,Negative,hello spyware
App Store,"Everybody has commented about the features and functionality that are still needed. I assume those will come with time.

I am a little concerned that the app seems to access every bit of private data possible.  The app has private settings, but they are convoluted and not so easy to work through.

The app is also draining my battery like no other app. If I can't figure out a fix for this, I'm not sure I can leave the app installed.",Neutral,everybody comment feature functionality still need assume come time little concern app seem access every bit private data possible app private setting convolut easy work app also drain battery like app cant figure fix im sure leave app install
Google Play,Isse ek baar I'd banane pe isse delete account krne pe aapka insta account bhi delete ho jayega It's so very bad 😞 app 🤣🤣,Negative,isse ek baar id banane pe isse delete account krne pe aapka insta account bhi delete ho jayega bad app
Google Play,It's an amazing app.. just loving it !!,Positive,amaz app lov
Google Play,Nice experience better than Twitter great job mark zuck,Positive,nice experience better twitter great job mark zuck
Google Play,Freezing up and not working properly,Negative,freez work properly
App Store,"I see the potential, but it keeps logging me out every time I want to comment or post. A bug needing fix.",Negative,see potential keep logg every time want comment post bug need fix
Google Play,Very good app,Positive,good app
App Store,"i think you should make it easier to switch accounts instead of having to log out and then log into another account, make it something similar to insta. i also think you should make it where you can double tap to like a post",Positive,think make easier switch account instead log log another account make someth similar insta also think make double tap like post
Google Play,Cool,Positive,cool
Google Play,It actually have a lot of bugs! Thread team should fix the bug first before it launched!,Negative,actually lot bug thread team fix bug first launch
Google Play,I posted so many post.😔 but didn't even get a like.😔 And not reached also.😔,Negative,post many post didnt even get like reach also
Google Play,"Content feed is full of people I neither know, nor have ever heard of. Scrolling forever to see anyone I follow. Just going to keep using Mastodon.",Negative,content fe full people neither know ever heard scroll forever see anyone follow go keep us mastodon
Google Play,No translate function just like in ig or twitter that is very inconvenient. Hope can add this function very soon.,Neutral,translate function like ig twitter inconvenient hope add function soon
App Store,"Hi Meta, I really like how simple and intuitive the UI is for this app. Though, I think this app desperately needs a “trending page” where you can see any big events or news at a glance like how you can on twitter. This would definitely help drive more people away from twitter and onto your platform.",Positive,hi meta really like simple intuitive ui app though think app desperately need trend page see big event new glance like twitter would definitely help drive people away twitter onto platform
Google Play,"Overall experience is good but I have facing issues while uploading the photos ,that was very disappointed",Neutral,overall experience good fac issue upload photo disappoint
Google Play,warning this app WILL suspend your instagram account if you decide to follow all the accounts you follow already on Instagram. There is ZERO appeal process.,Negative,warn app suspend instagram account decide follow account follow already instagram zero appeal process
Google Play,Can't get onto instagram so no chance of getting onto threads!!!!!,Negative,cant get onto instagram chance gett onto thread
Google Play,It's not good as Facebook,Negative,good facebook
Google Play,"Nepotism, 😏",Positive,nepotism
Google Play,Nice app but need to include features like :- 1. Poll option 2. Image cropping before posting 3. Data saver mode like Video Autoplay off 4. Media section seperately on Profile page.,Neutral,nice app ne include feature like poll option image cropp post data saver mode like video autoplay media section seperately profile page
Google Play,"The application works fine without problems, but there is a very noticeable minus there is no transfer in Threads, and you need to make two buttons, the first recommendation, the second on which you are subscribed, this is my personal opinion, otherwise 4 stars, I hope the developers will notice this, and by the way, me too programmer",Positive,application work fine without problem noticeable minu transfer thread ne make two button first recommendation second subscrib personal opinion otherwise star hope developer notice way programmer
Google Play,Very nice app 🤠👍👍,Positive,nice app
Google Play,Loving it,Positive,lov
Google Play,It's better than Twitter,Positive,better twitter
Google Play,UI looks clean but Please provide save picture or video option. Also Home feed looks odd. It should show the posts from who we follow or show related to who we follow or based on our location,Neutral,ui look clean please provide save picture video option also home fe look odd show post follow show relat follow bas location
Google Play,Nice app tho,Positive,nice app tho
Google Play,Unable to download app,Negative,unable download app
Google Play,The thing is i was really excited to try threads but when I downloaded it on my Samsung tablet it had grafical error it was just broken I am redownloading it to see if the issue is still there if is I will edit this,Neutral,th really excit try thread download samsung tablet grafical error broken redownload see issue still edit
Google Play,Excellent app for communication interface. Truly I'm addicted for this app. Instead of twitter I'll use this. Thank me META for providing such useful application.,Positive,excellent app communication interface truly im addict app instead twitter ill use thank meta provid useful application
Google Play,"Not too different from insta, I'd stick to insta then. And it's not even that interesting",Negative,different insta id stick insta even interest
Google Play,It is a good app and overall good concept but I guess it is better if u add chat option and stories with the new updates. This is just the beginning. I hope we will see good later,Positive,good app overall good concept guess better u add chat option storie new update beginn hope see good later
App Store,"This is a good app! I like it so far, I just wish I could have a “following” page and a “for you” page that are separate. I want to see what just my friends are saying or just new people, not a mix of both. Otherwise, great!",Positive,good app like far wish could follow page page separate want see friend say new people mix otherwise great
Google Play,"The app is good because I can share what's on my mind, but the problem is there's no followback button. You need to visit the profile first so you can follow it back",Positive,app good share what mind problem there followback button ne visit profile first follow back
Google Play,Lol what the hell is this zuck needs more data buzz of meta Twitter is best,Negative,lol hell zuck need data buzz meta twitter best
Google Play,"Good Twitter alternative, but at the moment the app crashes whenever I post HD images",Neutral,good twitter alternative moment app crashe whenever post hd image
Google Play,Server too slow pls improve,Neutral,server slow pl improve
Google Play,This app is not stable,Negative,app stable
Google Play,"So is this app available in the EU or not? Because I was able to download it and follow a bunch of pages just fine, but now it's just ""something went wrong"" all the time. What's up?",Negative,app available eu able download follow bunch page fine someth went wrong time what
Google Play,"This app is good to use, however I can't post photos.",Neutral,app good use however cant post photo
Google Play,Copy paste of Twitter🙄,Neutral,copy paste twitter
Google Play,"There is no reason provided for updates, so I provide no reason for more than 1 star.",Negative,reason provid update provide reason star
App Store,"You have to link your Instagram account, no other option. And if you want to delete Threads, you have yo delete your Instagram account. I never link accounts, ever. I won’t be signing up until you can create independent accounts.",Negative,link instagram account option want delete thread yo delete instagram account never link account ever wont sign create independent account
Google Play,"This app really needs improvement. Because after opening threads, my instagram account cannot be opened. It always sunddenly closes.",Negative,app really need improvement open thread instagram account cannot open alway sunddenly close
Google Play,Copy,Negative,copy
Google Play,"If I don't have / want an Instagram account so I can't login, that's not acceptable. I am uninstalling the app.",Negative,dont want instagram account cant login that acceptable uninstall app
App Store,"It’s a good app however it needs a lot of work and features that all other social networks have.

1. Chronological home feed so you can view thing in order.

2. For you feed so you ca see only the Threads from people you follow also in chronological order.

3. The ability to view the list of people you follow and ability to unfollow from the list.

4. The ability to view things you liked and favorited as a feed in your profile page.

These are major things that all other social networks have and Threads doesn’t have and for a lot of people that’s a deal breaker. I hope to see these features sooner rather then later because people WILL stop using this app and go back the the app Elon is currently hellbent on killing because there will be no better place.",Neutral,good app however need lot work feature social network chronological home fe view th order fe ca see thread people follow also chronological order ability view list people follow ability unfollow list ability view thing lik favorit fe profile page major thing social network thread doesnt lot people that deal breaker hope see feature sooner rather later people stop us app go back app elon currently hellbent kill better place
Google Play,Save yourself the uninstall and just don't download it.,Negative,save uninstall dont download
Google Play,"There is a bug in the app , please improve it instagram team",Neutral,bug app please improve instagram team
Google Play,So far not a big fan. Its alright but my feed is majority people I am not following nor are of any interest to me. Until I only see people I follow on my feed I wont give it any more stars. I dont care about things that dont align with my interests.,Neutral,far big fan alright fe majority people follow interest see people follow fe wont give star dont care thing dont align interest
Google Play,"Currently unusable, everytime I open threads and scroll up and down, the UIs and Texts keeps multiplying like India's population rate",Negative,currently unusable everytime open thread scroll ui text keep multiply like india population rate
App Store,"When installing the application, I hid it, but now I want it to be visible in my instagram profile that I am registered in Threads. 
Add this parameter and you will have a high score!
Thank you.",Negative,install application hid want visible instagram profile register thread add parameter high score thank
Google Play,Downloaded It --> Tried Opening the app --> App Crashed --> App uninstalled--> Good Riddance,Negative,download tri open app app crash app uninstall good riddance
Google Play,"I really love this app, but dear Devs, please help: I was in the zone with the bad internet, where I got an error saying that the feed cannot be loaded. But when I came home, the problem didn't disappear. And unfortunately, I still cannot post for some reason, see my threads and likes. I cleaned cache, reinstalled the app, checked the network access. How can I solve this?",Negative,really love app dear dev please help zone bad internet got error say fe cannot load came home problem didnt disappear unfortunately still cannot post reason see thread like clean cache reinstall app check network access solve
Google Play,Smooth onboarding and sync with Instagram. But please allow us to pick media from folder other than root gallery,Positive,smooth onboard sync instagram please allow u pick media folder root gallery
Google Play,🔥 first review,Positive,first review
Google Play,The fact that it forces me to see content I don't want gives it a one-star review immediately. I don't want to see any content from anyone other than the followers I have selected.,Negative,fact force see content dont want give onestar review immediately dont want see content anyone follower select
App Store,"Pretty cool app. A great way to connect with friends. 

I would appreciate an explore page so that our main TL isn’t saturated with accounts that we don’t follow.",Neutral,pretty cool app great way connect friend would appreciate explore page main tl isnt saturat account dont follow
Google Play,"This app is an amazing app, very interesting, but it doesn't have a future of direct message.",Positive,app amaz app interest doesnt future direct message
Google Play,It only accept left wing propaganda,Negative,accept left w propaganda
Google Play,Like Twitter it's just for large corporations to say dumb things. Doesn't seem like there are any real people on here,Negative,like twitter large corporation say dumb thing doesnt seem like real people
Google Play,Love the UI and it's really smooth,Positive,love ui really smooth
Google Play,But the fact that the president,Positive,fact president
Google Play,"Click on Twitter, Press Ctrl+C then Click on Instagram nd Press Ctrl+V..",Negative,click twitter press ctrlc click instagram nd press ctrlv
Google Play,This app is so very nice ❤️❤️,Positive,app nice
Google Play,So many crashes! On xiaomi ! From this morning! I can't even use the app! And beside all that! If it's trying to take Twitter's place ! Where the heck is explore?? Seriously?,Neutral,many crashe xiaomi morn cant even use app beside try take twitter place heck explore seriously
Google Play,Waiting for more option,Neutral,wait option
Google Play,Amazing creation,Positive,amaz creation
Google Play,"So far so good. Seems to be working out some bugs, I keep getting kick out the app whenever I try to respond to comments. My phone also provided a pop-up stating that it has bugs. So I'm hoping that works itself out bc I really do enjoy it.",Neutral,far good seem work bug keep gett kick app whenever try respond comment phone also provid popup stat bug im hop work bc really enjoy
Google Play,"I would really like to be able to use more than one account. I have 2 IG accounts, 1 business and 1 personal, but can only use one on the app on my phone by just switching like on the IG app.",Positive,would really like able use one account ig account business personal use one app phone switch like ig app
Google Play,Marathi language is not available,Negative,marathi language available
Google Play,Good application 😍,Positive,good application
Google Play,Dire. Installed and uninstalled because the flow of it isn't upto scratch. You get random posts in your feed. The data collection is very bad and intrusive,Negative,dire install uninstall flow isnt upto scratch get random post fe data collection bad intrusive
Google Play,"I installed the program and after the countdown on Instagram, I visited the program several times to run. But unfortunately it does not work yet",Neutral,install program countdown instagram visit program several time run unfortunately work yet
Google Play,Cheap copy of twitter thread,Negative,cheap copy twitter thread
Google Play,First review 😎,Positive,first review
Google Play,Good app but doesn't work properly what ever I do it comes up 'sorry can't load try again' or 'sorry we couldn't complete your request please try again in a moment' and how many times I try again it never works.,Negative,good app doesnt work properly ever come sorry cant load try sorry couldnt complete request please try moment many time try never work
Google Play,"Going on two weeks since public launch now and this app is starting to suffer from lack of very common features (which honestly should have been standard at launch). No ability to filter your feed or search posts/tags. Account follower import seems to be messy for those with a larger following. It has some good things like in line thread adding good media display. But, these are not enough to keep the app afloat on their own.",Neutral,go two week since public launch app start suffer lack common feature honestly standard launch ability filter fe search poststag account follower import seem messy larger follow good thing like line thread add good media display enough keep app afloat
Google Play,The experience is awesome but it would be great to be able to translate certain posts to our respective languages to understand just like on Instagram,Positive,experience awesome would great able translate certain post respective language understand like instagram
Google Play,Can even download the app,Negative,even download app
Google Play,Worst experience,Negative,worst experience
Google Play,So much glitch and lag... Automatically turns off and stops responding. Please fix this bug ASAP!,Negative,much glitch lag automatically turn stop respond please fix bug asap
Google Play,Congratulations ISRO Chandrayaan -3 Misstion successful,Positive,congratulation isro chandrayaan misstion successful
Google Play,"If you are concerned about privacy & data protection, avoid this app.",Negative,concern privacy data protection avoid app
Google Play,Gorgeous,Positive,gorgeou
Google Play,Worst app ever,Negative,worst app ever
Google Play,Can't upload videos with photos lately!!! Buggy!!!!,Negative,cant upload video photo lately buggy
App Store,UI is simple and pretty cool,Positive,ui simple pretty cool
Google Play,"Worst app,twitter is better with freedom of speech without cancellation",Negative,worst apptwitter better freedom speech without cancellation
Google Play,Why is the Hashtags not working 😏😏😏,Neutral,hashtag work
Google Play,"The app as a platform is great, besides the interface and stuff... but one only issue is that scrolling is low smooth plus I would like to suggest some ways to make Threads go incredibly stylish, such as the like button animation and the app's icon color matching for android 13+ However it's an excellent app that's looking to be perfect, thank you Marks crew 👌",Positive,app platform great beside interface stuff one issue scroll low smooth plu would like suggest way make thread go incredibly stylish like button animation app icon color match android however excellent app that look perfect thank mark crew
Google Play,"Excited to try out, just meh, 1 star rating for Account deletion process. DO NOT USE if you are not 100% committed or else you will have to delete your Instagram account as well",Negative,excit try meh star rat account deletion process use committ else delete instagram account well
Google Play,Mostly viral app,Neutral,mostly viral app
Google Play,I am disappointed for your threads app your app is after the download then I enter your app the app flickering and a page is like disconnected cable connection problem🤣🥴. So to solve the problem,Negative,disappoint thread app app download enter app app flicker page like disconnect cable connection problem solve problem
Google Play,"I accidentally remove the threads badge on my instagram profile and there's no way to recover it back :-( Can you please solve this problems ""hide badge"" thingy. Can you please put or add ""unhide badge"" on instagram so that I can really enjoy this app.",Negative,accidentally remove thread badge instagram profile there way recover back please solve problem hide badge thingy please put add unhide badge instagram really enjoy app
Google Play,"Definitely still enjoying this low stress and low drama experience on day 2. It has room to grow and improve, and a rollout of new features will help to retain users, but for something in its infancy, it's pretty great.",Positive,definitely still enjoy low stress low drama experience day room grow improve rollout new feature help retain user someth infancy pretty great
Google Play,It's not opening,Negative,open
Google Play,another comfy zone i guess(?),Positive,another comfy zone guess
Google Play,Connecting and redirecting to Instagram resets the Threads' profile. And then shows partial data from Instagram. Test it well team 😗🤏🏼,Neutral,connect redirect instagram reset thread profile show partial data instagram test well team
Google Play,"Very2 simple, and i love the clean look!!! I know this app need to add more features but pls pls pls pls make it simple and not messy like Facebook & Instagram? Pls hear what users want.. Instagram algorithms sucks, so far i love this one.",Positive,simple love clean look know app ne add feature pl pl pl pl make simple messy like facebook instagram pl hear user want instagram algorithm suck far love one
App Store,"So far it reminds me of twitter, already saw a thirst trap.",Neutral,far remind twitter already saw thirst trap
App Store,"I logged in but get a message that says,

An unexpected error occured.
You are receiving this error because something went wrong loading this screen. Tap the refresh icon below to try again.",Positive,logg get message say unexpect error occur receiv error someth went wrong load screen tap refresh icon try
Google Play,it's okay. I'm going to give the app time to grow,Neutral,okay im go give app time grow
Google Play,"It's like the new twitter! Love this app i can rant, i cant talk to friends thru threads!!",Positive,like new twitter love app rant cant talk friend thru thread
Google Play,So far so good I would like to put this out there please please make sure that this platform stays Scam free we don't need or want it. And please keep it free from hate only advertisement s from real business not scams,Positive,far good would like put please please make sure platform stay scam free dont ne want please keep free hate advertisement real business scam
App Store,"When I click a thread I can’t see any replies. Instead I get a message saying “Sorry, something went wrong. Try again.” Same thing when I click on someone’s profile. I go to their page but don’t see any of their threads or replies. It says “Content not available”. When I try to reply to a thread it shows up as a reply but it says “your thread failed to upload”. If I click the heart at the bottom I go to the Activity page. On that page no matter what I select from the menu: All, Follows, Replies, etc… each says “Sorry,something went wrong. Try again”. My wireless connection is strong. I’ve tried both with and without a VPN. I’ve deleted and re-downloaded the app a few times. Nothing helps. Always the same result with the same bugs.",Positive,click thread cant see replie instead get message say sorry someth went wrong try th click someone profile go page dont see thread replie say content available try reply thread show reply say thread fail upload click heart bottom go activity page page matter select menu follow replie etc say sorrysometh went wrong try wireless connection strong ive tri without vpn ive delet redownload app time noth help alway result bug
Google Play,I wish I were install it yesterday 😞,Positive,wish install yesterday
Google Play,Lacking so much behind... Blue bird 🐦 >>>> Threads,Negative,lack much behind blue bird thread
Google Play,"No search option to search for post only for accounts, i see post from people i didnt follow.",Negative,search option search post account see post people didnt follow
Google Play,The home screen is just mixing up everything maybe a bug please fix it,Negative,home screen mix everyth maybe bug please fix
Google Play,This app is next level and will beat twitter,Positive,app next level beat twitter
Google Play,Idk but this app is buffering when i opened it check my threads on ash233u account,Negative,idk app buffer open check thread ashu account
App Store,To many scam bots trying to make you click virus links,Neutral,many scam bot try make click viru link
Google Play,Now twitter is over for sure....,Positive,twitter sure
Google Play,Chutia ap by mark juker tying to copy twitter,Negative,chutia ap mark juker ty copy twitter
Google Play,You have to be an Instagram user before you can use Threads. That makes it seem like a bit of a bait-and-switch if you just want to use Threads.,Neutral,instagram user use thread make seem like bit baitandswitch want use thread
Google Play,Really impressive,Positive,really impressive
Google Play,Yea no thanks after seeing all the Data that is collected on this app. No thanks especially after META was working with the GOV.,Negative,yea thank see data collect app thank especially meta work gov
Google Play,It's OK but it's crashes to much,Negative,ok crashe much
App Store,"We need a likes tab on profiles that users can choose to make private or public but that they have access to and can see all their liked posts at.

The likes feature should be used to connect and keep track of information but right now that information is hidden to the users while fully visible to the engineers. 

I understand it needs to be different than other platforms but I think accessing “likes” on profiles is a universal feature and would not make threads more like any other platform, it would just make it more user friendly.

Thanks!",Neutral,ne like tab profile user choose make private public access see lik post like feature us connect keep track information right information hidden user fully visible engineer understand need different platform think access like profile universal feature would make thread like platform would make user friendly thank
Google Play,"I dont know what happened but as soon as I log in into threads, its kind of a bug or something, my screen suddenly starts acting weird and the title and post begins to flicker. I reinstalled it many times but didn't worked. I can't even read a thing.",Negative,dont know happen soon log thread kind bug someth screen suddenly start act weird title post begin flicker reinstall many time didnt work cant even read th
Google Play,Unable to log in after logging out to switch account.,Negative,unable log logg switch account
App Store,"So far, Threads forced me to view “threads” by people I do not follow, and artificially jumbles the order of threads so I cannot keep track of any event/news in real time. Not everyone just wants Instagram in text form.

This app will become workable when they permit the option to only see threads from people I follow, and in chronological order..",Negative,far thread forc view thread people follow artificially jumble order thread cannot keep track eventnew real time everyone want instagram text form app become workable permit option see thread people follow chronological order
Google Play,Great app o also waiting to fix the hashtag option and trend page also will be nice if we can join same all our Facebook friends or follower as instegram and option to share any video to another app or downloa I have great suggestions to give the first all first 50 millions the Install it and use it the blue confirm they deserve it because they trust and make other trust,Positive,great app o also wait fix hashtag option trend page also nice join facebook friend follower instegram option share video another app downloa great suggestion give first first million install use blue confirm deserve trust make trust
Google Play,it's Very Good App like Instagram make early account to take your Name,Positive,good app like instagram make early account take name
Google Play,I love this app so much it's better than Twitter not gonna lie,Positive,love app much better twitter gonna lie
Google Play,This is not opening,Negative,open
Google Play,"This application is good but there are no trending features, I hope it can be developed again",Positive,application good trend feature hope develop
Google Play,App is crushing while posting a thread with photo. Besides it uses more phone ram & lag the whole device.,Negative,app crush post thread photo beside use phone ram lag whole device
Google Play,This is a good app,Positive,good app
Google Play,It keeps on glitching it looks like a broken phone whenever I open the app,Neutral,keep glitch look like broken phone whenever open app
Google Play,Basically a poor man's Twitter,Negative,basically poor man twitter
Google Play,"This app is the worst version of Twitter, the only thing Lark Lukerberg knows is copy paste from other apps. Twitter is way ahead of this mid app.",Negative,app worst version twitter th lark lukerberg know copy paste app twitter way ahead mid app
Google Play,"Cool interface. Nice idea. However, I'm unable to browse different locations in my phone to add a photo or video to my post. This is significant issue and a turn off",Neutral,cool interface nice idea however im unable browse different location phone add photo video post significant issue turn
Google Play,"First time trying threads app basically just instagram based text or comments section, maybe the different between this app and twitter from the POV of user where at twitter users tend to hides their real name/username or alter account but it is different within this threads app automatically sync uname with instagram",Positive,first time try thread app basically instagram bas text comment section maybe different app twitter pov user twitter user tend hide real nameusername alter account different within thread app automatically sync uname instagram
Google Play,"Add thread *pinned 📌* feature , That would be very cool",Neutral,add thread pinn feature would cool
Google Play,Great Application,Positive,great application
Google Play,Is very realy,Positive,realy
Google Play,Great app and much better than Twitter.,Positive,great app much better twitter
Google Play,Very impressed I like this app,Positive,impress like app
Google Play,Innovate something you theifs,Negative,innovate someth theif
Google Play,"Very disappointed,first of all we can't logout,then when I am opening Instagram the app keeps automatically logout",Negative,disappointedfirst cant logoutthen open instagram app keep automatically logout
Google Play,"This app has potential, but it needs an explore option, hashtags, and promotion.",Neutral,app potential need explore option hashtag promotion
Google Play,"Bug where instagram link not appear when visitting someone thread account, no 'recent activity' so you can't see liked or saved threads",Positive,bug instagram link appear visitt someone thread account recent activity cant see lik sav thread
