source,review_description,rating,review_date,sentiment
App Store,I’m excited for this app but the MAJORITY of my feed is people I don’t follow and brands! Please stop. I don’t want those on my home page. I’m happy to check recommended content on an explore page but what’s the point of choosing who to follow if the app is going to decide what I’m going to see for me??,1,2023-07-06 16:17:46,Negative
Google Play,First downloader so follow me Insta id. sam_asif_07,5,2023-07-06 09:50:29,Positive
Google Play,Not bad at all,1,2023-07-14 07:46:22,Negative
Google Play,Needed some new app.,5,2023-07-06 21:14:28,Positive
Google Play,Haven't used the app yet but from what I see from people's reviews I think it's great so I'm giving it 5 stars 🥰,5,2023-07-07 18:07:29,Positive
Google Play,Want to attach screenshots of the problem I am facing. Screen got shivering while I am entering into it and it is the worst😠,1,2023-07-06 23:29:26,Negative
Google Play,Horrible could not keep app open.,1,2023-07-10 23:44:30,Negative
Google Play,Better than Twitter...,5,2023-07-07 07:49:47,Positive
Google Play,"Good, plain, easy. No WIDGETS???",4,2023-07-06 08:15:51,Positive
Google Play,This app is beautiful and trustful 👍👍,3,2023-07-06 14:53:59,Neutral
Google Play,What a smooth ui,5,2023-07-18 10:39:57,Positive
Google Play,Probably the first person tell you why i gave it a 5 star is because i think is better than twitter but is my opinion,5,2023-07-06 22:40:18,Positive
Google Play,Nothing special,3,2023-07-09 04:46:19,Neutral
Google Play,Love it!,5,2023-07-08 04:06:17,Positive
Google Play,This app is not safe,1,2023-07-06 05:12:32,Negative
Google Play,They want me to pay for a service that show's no improvement,1,2023-07-09 18:30:41,Negative
Google Play,"U wont let us to curse and post lewd, twitter is better then",3,2023-07-06 08:35:44,Neutral
Google Play,Very true,5,2023-07-18 09:08:30,Positive
Google Play,I am facing an issue with this application. Whenever I am trying to reply or quote a video the application shuts off by itself and that video disappears. It's happening from the day one that I had downloaded threads. Please fix that problem. Thank you.,1,2023-07-19 13:02:24,Negative
Google Play,"Not bad as a new app.. however, it does need a few improvement of features as well as some new features... I hope also that it will be allowed to navigate through different accounts just like Instagram. I have multiple accounts for multiple purposes and I would like to have separate threads accounts that are easily navigated through.",3,2023-07-09 14:51:07,Neutral
Google Play,This app heg me...😠🤬,3,2023-07-23 04:04:36,Neutral
Google Play,Ita not working in my device after login it buffering while scrolling and showing overlapping post and content.,3,2023-07-07 17:22:41,Neutral
Google Play,App is not working correctly it blurs all posts and letters,1,2023-07-06 20:18:52,Negative
Google Play,No chat no cool,1,2023-07-06 08:14:24,Negative
Google Play,looks more simpler to catch up,4,2023-07-07 14:54:38,Positive
App Store,"I definitely think this app is a good idea but it’s missing a few key features that still make Twitter better such as having a following tab so I can just see threads from the people I follow, a notifications tab so I can see the threads that I turned notifications on for without having to search for them after I open the app, if those two things were implemented this app could be better than Twitter",3,2023-07-06 17:22:37,Neutral
Google Play,Has potential but pretty bare bones atm. The lack of hashtags and the inability to search Threads makes discoverablity nonexistent. Bookmarks and media tab would also be good.,3,2023-07-06 15:25:52,Neutral
Google Play,No information from the user....,1,2023-07-20 17:25:37,Negative
Google Play,better laugh than twitter,5,2023-07-09 05:35:16,Positive
Google Play,Enjoy the censorship if that's your thing,1,2023-07-06 01:22:36,Negative
Google Play,"Stability is terrible, app seems fun though. Lots of activity and getting plenty of support by users.",3,2023-07-07 12:34:58,Neutral
Google Play,LOG IN WITH INSTAGRAM ACCOUNT WHY⁉️⁉️😕,1,2023-07-09 16:02:14,Negative
Google Play,"The app keeps stopping, the replies on a post are repeated while scrolling then the app closes and it is not easy to find friend's posts and profiles",3,2023-07-06 19:12:05,Neutral
Google Play,the meta has changed,5,2023-07-06 05:40:01,Positive
Google Play,Mark bro we love you 👌,5,2023-07-07 04:15:32,Positive
Google Play,Still need a lot of improvement can you upgrade apply a google translation/translation,2,2023-07-07 03:28:44,Negative
Google Play,Still learning and navigating but seriously I don't care nor want to discover random people's posts that I am not following on my page. If I wanted to I would search them up to get their posts specifically. Also can't find the posts from accounts that I do follow. Please fix this as this is one of Twitters only redeeming qualities that they have over you.,3,2023-07-07 09:59:44,Neutral
Google Play,"Very Great App, Much Better Than The Chaos Of Twitter!",5,2023-07-08 14:26:58,Positive
Google Play,So Much Bugs In The App ! nothing Superb Features Copied Everything From Twitter,1,2023-07-11 05:28:31,Negative
Google Play,This is just what the world needed.,5,2023-07-06 22:15:26,Positive
Google Play,It keeps stopping while I try to post a photo,2,2023-07-07 12:06:38,Negative
Google Play,Loving it so far. Would love an edit feature tho ❤️,5,2023-07-06 02:16:30,Positive
Google Play,Copy,3,2023-07-08 14:48:19,Neutral
Google Play,Very Cool app,5,2023-07-06 11:42:48,Positive
Google Play,Good app,4,2023-07-09 16:15:27,Positive
App Store,Would appreciate to see a following only feed instead of seeing others post that i don’t follow.,4,2023-07-20 20:44:20,Positive
Google Play,Threads app is best app this app distroy the Twitter amazing yaar so continuous the meta,5,2023-07-11 17:14:10,Positive
Google Play,Great app. Abhi agile development ho raha hai iss karan se shuruaati features bs aaye hai. Jismein kaam chal Raha hai. Baad mein advanced features bhi aayenge jaise image download aur most hated ADs.,5,2023-07-22 14:25:23,Positive
Google Play,Great app but no themes Only dark them and there is no data save like autoplay you can't control it to never or something I hope next update trying to fix it,3,2023-07-08 01:18:42,Neutral
Google Play,5⭐ Service So I gave 5⭐ 🚧🚧🚧🚧🚧,5,2023-07-07 06:12:36,Positive
Google Play,"This is a very good social media app, in future it can compete with social media apps like Twitter.",4,2023-07-06 10:56:18,Positive
Google Play,Trending section maybe.,4,2023-07-06 18:51:48,Positive
App Store,…is that it’s not owned by Elon Musk.,5,2023-07-10 18:13:19,Positive
Google Play,Cool....,3,2023-07-06 10:10:39,Neutral
Google Play,Wonderful... Just need some new features,4,2023-07-15 14:57:50,Positive
Google Play,"its okayy👌, but could you please add a translation button please",5,2023-07-07 07:35:54,Positive
Google Play,It's looks good,5,2023-07-06 11:22:46,Positive
Google Play,"The app is amazing, I really loved it but I am having issues change the mode of the app. It is only on dark mode on my device and I don't know how to change it back",4,2023-07-06 15:41:26,Positive
App Store,"Boring, most followers are just ported over from Instagram and with no hashtags or local content, it’s difficult to find a reason to use.",1,2023-07-15 01:38:52,Negative
Google Play,Great alternative to the chaos and hate of Twitter.,5,2023-07-07 04:59:01,Positive
Google Play,The real reason why people are quitting Threads because it is literally boring. We have nothing to do on threads rather we prefer using Instagram.,3,2023-07-19 13:02:57,Neutral
Google Play,"If a person removes thread badge on Instagram there should be an option to get back that badge, i mean there's no sense why not you het that back",1,2023-07-06 11:57:46,Negative
Google Play,"Very poor app, don't know the actual use",1,2023-07-25 03:42:01,Negative
App Store,"Its fine ig, its early but it seems kind of clunky so far.",3,2023-07-06 04:30:06,Neutral
Google Play,Very nice application,5,2023-07-15 01:01:38,Positive
Google Play,Nice thread,5,2023-07-06 17:01:20,Positive
Google Play,"In this app, you can't control the video and the pictures. Even the data saver doesn't work. Please, there should be a ""never auto autopkay "" and also hide or reduce the pictures quality",3,2023-07-06 10:36:15,Neutral
Google Play,"Never thought I would be installing a meta app on my phone but the fumes coming off the cesspool at the original ""internet town square"" is becoming too much.",5,2023-07-07 18:05:18,Positive
Google Play,It's just ok. It definitely isn't Twitter. No hashtags and bio character length isn't as long as Twitter. Feels like a beta version.,2,2023-07-08 12:22:12,Negative
Google Play,"Another heavily censored, Trans pedo loving app by the personal data selling scum that own insta and Facebook. For christ sake DO NOT use this app.",1,2023-07-07 06:31:19,Negative
App Store,Will never be better than twitter,1,2023-07-08 19:11:42,Negative
Google Play,Cheap copy of twitter 😦,1,2023-07-07 09:20:39,Negative
Google Play,Wanna know about this app,1,2023-07-09 17:57:45,Negative
Google Play,You can't just copy and paste it... Twitter will always be superior than Threads..!,1,2023-07-13 12:14:00,Negative
Google Play,This is a cheap imitation of another popular app known as twitter. The interface is average.,1,2023-07-08 08:48:34,Negative
Google Play,The big failure about this app is that attached with Instagram.,1,2023-07-07 09:25:15,Negative
Google Play,The most restrictive use app that i have ever seen in my life.,1,2023-07-11 09:56:11,Negative
App Store,Twitter without Elon? Sign me up,5,2023-07-06 10:53:53,Positive
Google Play,I need to be famous on the app @max_manso,3,2023-07-09 09:25:30,Neutral
Google Play,How will i change it to dark mode,3,2023-07-10 16:44:27,Neutral
Google Play,Threads > twitter 😂,5,2023-07-06 07:47:04,Positive
App Store,Please add DMs sooner or later. I wanna be able to send my friends posts and talk to them on the threads app instead of switching back to instagram,4,2023-07-08 02:41:31,Positive
App Store,Tired of seeing random famous people I dont wanna see on my feed lol,3,2023-07-10 00:54:17,Neutral
Google Play,Twiter tu toh gya,5,2023-07-06 15:53:06,Positive
Google Play,Very bad,1,2023-07-24 02:54:51,Negative
Google Play,Great app 😁,5,2023-07-08 01:12:56,Positive
Google Play,Flexible currently. But should be improve,4,2023-07-06 13:27:43,Positive
Google Play,"Please reduce the size of the app. Also launch a lite version of threads , please.",3,2023-07-12 18:58:02,Neutral
Google Play,Still too much bugs,1,2023-07-06 14:53:51,Negative
Google Play,So glitchy! Like a boot leg Twitter,1,2023-07-08 14:57:56,Negative
Google Play,Dirty tricks,1,2023-07-13 14:17:46,Negative
Google Play,"It's a great app, but it's crashing when I try to upload a photo. Please have a look",3,2023-07-07 18:47:01,Neutral
Google Play,I am very said when i have a fastest internet and the thread is always loading loading and loading very disappointed,2,2023-07-07 16:09:53,Negative
Google Play,For Twitter. #TeamElonMusk,1,2023-07-07 18:50:51,Negative
Google Play,Boring,3,2023-07-18 22:53:27,Neutral
Google Play,"Garbanzo, looks like MySpace had a bastard with Twitter. Terrible UI and nothing relevant.",1,2023-07-10 12:31:44,Negative
Google Play,Mark Zuckerberg sir thank for threading application can you please and I suggest you new application similar by sanpchaat good opportunity for you ☺️,5,2023-07-08 04:54:23,Positive
Google Play,"Very promising so far, interested to see where it goes. Will adjust my review later when I've really gotten some good use out of it.",5,2023-07-08 05:07:05,Positive
Google Play,"Could be promising, but it's already randomly closing out entirely. I feel like instead of developing a new app, Meta should just focus on making its current apps work like they should.",3,2023-07-07 14:27:32,Neutral
Google Play,New app very Hot app 😍😍😍,5,2023-07-06 14:32:20,Positive
Google Play,It's full of glitch.. can't even scroll,1,2023-07-07 12:42:56,Negative
Google Play,"Why is it that when I post a video, the sound does not appear with the video?",3,2023-07-08 23:36:00,Neutral
Google Play,"Threads has definitely grown on me, the algorithm has also gotten drastically better for me which helps a lot. It's only little problems I have with the app now. Wish there was an option to hide reposts from people I follow. Really wish we could pinch and zoom on images; and wish videos would unmute when opened. Otherwise, this is a tremendous first release. It seems to accomplish the goal of Twitter's For You page well and in a way that is enjoyable to use.",4,2023-07-08 10:51:28,Positive
App Store,I havent installed yet but im giving one star in advance,1,2023-07-05 23:37:02,Negative
Google Play,Get something of your own mark,1,2023-07-10 20:52:47,Negative
Google Play,Good one,5,2023-07-07 16:16:07,Positive
Google Play,Some bugs in this application please solve all problems...,1,2023-07-06 16:43:07,Negative
Google Play,"I m getting problm in downloading the app. The app not able to get installed , it have some bugs . Please review it.",1,2023-07-06 10:35:51,Negative
Google Play,Lot of bugs in this application.,1,2023-07-06 18:45:19,Negative
Google Play,Great app!,5,2023-07-06 10:54:47,Positive
Google Play,Very nice. Thanks to meta. I am a big fan of Mark Zuckerberg 🫡🫡. You are my boss.,5,2023-07-07 05:52:20,Positive
Google Play,"Requires an Instagram account, I don't want 2 apps just to use 1. Uninstall.",3,2023-07-07 01:45:45,Neutral
App Store,I dont even want to go on the app anymore because I see so much random stuff. Fix it to where I only see what my friends post.,2,2023-07-08 14:48:51,Negative
Google Play,One of best app for future,5,2023-07-07 06:20:15,Positive
Google Play,"I cant post a picture oh threads, it force close by it self",3,2023-07-06 06:21:22,Neutral
App Store,"Read the Terms of Service, they’re insane and make other social media platforms look harmless when it comes to spying on you.

Meta recently hired several “former” CIA and FBI to work on threads. Not a coincidence.",1,2023-07-07 20:58:30,Negative
Google Play,I am using threads from 7 July but I didn't get any followers. Although I am posting positive content after every five hours.,1,2023-07-10 19:20:25,Negative
Google Play,"Awful App - I was inundated with posts from people I wasn't following, and there's no way to stop it, so I couldn't find posts from people I was following, so deleted it.",1,2023-07-08 21:24:59,Negative
Google Play,This app is very sweet and nice. The funny part of it is that it's easy to gain followers,5,2023-07-07 19:01:46,Positive
Google Play,This app is very good 😊😊😊 i,5,2023-07-25 02:36:52,Positive
App Store,"The app loads up nice and quick, the interface is nice, and the profile set up was painless. But I can't post anything because the app just crashes every time I attempt to",2,2023-07-08 05:56:57,Negative
Google Play,I am person who end 2M and start 2.1,5,2023-07-07 14:14:48,Positive
Google Play,"For some reason, I cannot use this app properly. It's having a glitch throughout and it's annoying. The whole page is filled with glitches. Please do something about it.",2,2023-07-06 19:06:04,Negative
Google Play,Doesn't charge me to use the app. All I need,5,2023-07-06 17:54:47,Positive
Google Play,"YOU CANT DELETE YOUR THREADS ACCOUNT UNLESS YOU DELETE YOUR INSTAGRAM also it doesn't have hastags, and its still an insta product so no nudity",1,2023-07-07 02:29:46,Negative
Google Play,After using this app my Instagram account stop working. Even I can't open Instagram app on my device. What should I do?,1,2023-07-07 09:36:02,Negative
Google Play,basically twitter,3,2023-07-06 21:18:07,Neutral
Google Play,My first 2 posts haven't been uploaded for over 1hr now. What's up?,2,2023-07-07 09:41:03,Negative
Google Play,"There's only one thing left, dude. Mr. Zuck, hit us up with a DM, ya know? Saw a beautiful girl on this app, but can't seem to find no DM option.",4,2023-07-07 08:42:32,Positive
Google Play,It should be for non instagram users also.,1,2023-07-15 12:37:44,Negative
Google Play,Good apps,5,2023-07-07 10:22:10,Positive
Google Play,"So far, so good. Simple and easy to use!",5,2023-07-10 03:04:28,Positive
Google Play,Not show view,3,2023-07-18 07:46:20,Neutral
Google Play,Keeps crashing! Can't post anything.,1,2023-07-09 06:56:29,Negative
App Store,verify me since I’m the first review please 🫶🏾,5,2023-07-06 20:25:08,Positive
Google Play,"This is a very good social media platform, it is much better than twitter, I hope that the application will continue to work well.",5,2023-07-06 20:13:34,Positive
App Store,Better than twitter 👍,5,2023-07-07 01:36:51,Positive
Google Play,"No more homophobic, transphobic, xenophobic CEO to ruin your day!",5,2023-07-07 01:05:27,Positive
Google Play,It is a very unique app in terms of design 🫡,5,2023-07-08 00:46:06,Positive
Google Play,Very poor apps,1,2023-07-06 04:41:31,Negative
Google Play,Very easy to use,4,2023-07-10 22:46:00,Positive
Google Play,Worst app,1,2023-07-23 19:51:01,Negative
Google Play,It's a great app but boring tbh. Hoping to improve it more!!,3,2023-07-21 10:45:45,Neutral
Google Play,Very good app,5,2023-07-06 12:00:12,Positive
Google Play,Overall I love the app. However.... I have not been able to follow new people or follow back any of my new followers for over 3 days now and I can not get anyone to help with this issue. Ive even tried to become verified but guess what can't do that either. This is very very frustrating!!!!! 3 stars because of this issue could be 5 if someone from support could help me out.** 5 days now so I'm going to start dropping the stars.,2,2023-07-15 12:45:20,Negative
Google Play,Buggy app on Android,1,2023-07-06 02:44:19,Negative
Google Play,"The more you praise this app, the less it is because its features are amazing.",5,2023-07-08 04:02:12,Positive
Google Play,App Doesn't work properly.. Showing some error please fix this problem,1,2023-07-07 02:36:05,Negative
Google Play,"Na, too like Twitter but owned by Meta. I'll take Twitter 2.0 over Threads any day. No censorship which is all Meta/Facebook does...",1,2023-07-13 01:57:36,Negative
App Store,Facebook making new apps when all we want to know is when Zuck is gonna fight Elon,3,2023-07-06 15:52:05,Neutral
Google Play,Works seamlessly for me with no errors. Quick easy access to the functions I use most often.,5,2023-07-06 06:55:27,Positive
Google Play,It's really a great apk,5,2023-07-06 13:43:29,Positive
Google Play,Loving it so far,5,2023-07-07 11:47:39,Positive
Google Play,Best opportunity by Instagram,5,2023-07-06 06:58:26,Positive
Google Play,Good start but still needs so many features like Twitter if meta really wants to succeed.,3,2023-07-06 08:05:51,Neutral
Google Play,"Very vest of time application, worst experience, copy of Twitter, threads is a Twitter little brother, I deleted threads and all so Instagram, and Instagram like a tik tok 2.0 version, and really rate of both app 100/-1 they are deserving this rate.",1,2023-07-18 07:29:25,Negative
App Store,"Whatever anyone says this app is the best thing to come out right now ever since musk took over twitter. Threads is basically like a big group chat and we’re all like a family
on there. Nobodies being weird or saying out of pocket things everyone is actually nice to each other, unlike the other app. Zuck you really stepped up and made one of the best apps out there. And everyone is already addicted, keep it up!",5,2023-07-07 19:03:23,Positive
App Store,not even a completed app,1,2023-07-18 18:01:24,Negative
Google Play,"I want to know one thing that Instagram still underdevelopment, cannot serve ads and start payment for users alike YouTube, and developing new app... First develope Insta fully, so users can earn on insta and value of insta should go up ... People making reels to earn as they are earning from youtube.",3,2023-07-06 09:54:30,Neutral
Google Play,"Great App! Reminds me of the early days of another app. ;) If you're looking for something new, it's the place to go. Love the Clean/Minimal UI. Looking forward to the future of the App.",5,2023-07-07 00:54:41,Positive
App Store,"Overall I think the app is pretty good for it being just released but as of now the only thing i can think  of that would make it a lot better for me personally is a section for threads you don’t want to post yet or just want to keep to yourself— essentially drafts. There have been many threads i have wanted to draft just to keep them for myself but can’t because the app simply doesn’t have that feature as of now, but i hope that as the app develops and updates more that we will have it in the future along with many other things",4,2023-07-16 11:10:20,Positive
Google Play,"It doesn't matter who you follow, everyone's posts go on your wall and you have to physically block the 100 million you don't want to see one at a time. They Zuckered it up real good. 1 billion ads.",1,2023-07-24 22:41:44,Negative
Google Play,"Clean and Nice UI . I like it so far , but there are some points need to be fixed . 1- i follow Arabic and English content in my account, but the alignment is bad , if put the app language is English, the Arabic content will be a chaos and vice versa . 2- waiting for the follow and hashtags features, I'm ready to give it 5 stars after these points fixed .",3,2023-07-07 10:14:35,Neutral
Google Play,Nice app for experience some new like knowledge and fun etc,5,2023-07-06 01:47:38,Positive
App Store,"I am hoping this app will replace Twitter eventually but some features should be added like translation, GIF’s etc keep working on it it’s promising but so far it feel like another version of ig but not as streamlined.",3,2023-07-07 19:47:20,Neutral
Google Play,My app crashes when I try to post pictures,3,2023-07-07 00:49:35,Neutral
Google Play,Interesting🧐,5,2023-07-06 05:00:43,Positive
App Store,Otherwise it’ll be just as toxic as twitter,4,2023-07-08 07:56:09,Positive
Google Play,"Recently using it and there's an error in this app. I am reloading the screen for the nth times and the only thing it says is ""something went wrong""",3,2023-07-07 12:18:58,Neutral
Google Play,This new app is so great to comunicate with others.,5,2023-07-06 11:28:01,Positive
Google Play,NOT BAD ALL THE FEATURES AVLIAVLE 💓💓,5,2023-07-06 11:32:41,Positive
Google Play,This app very good but so give me blue tick ❤️❤️ Farhad khan,5,2023-07-07 18:46:08,Positive
Google Play,"umm, am i the only one who's experiencing a force close bug when trying to click on repost notifications? it's happened all the time smh.",3,2023-07-07 14:09:50,Neutral
Google Play,Im in already love with this app ❣️,5,2023-07-06 10:18:53,Positive
Google Play,Not tried it yet but i think it needs a 5 star rating,5,2023-07-06 10:27:40,Positive
App Store,"I like it but there are basic features missing (photo edits in thread, hashtags) and how about a user guide? We know not everyone has it but after the c r a p from twatter, let's make threads happen.",4,2023-07-06 06:42:38,Positive
Google Play,Boring,1,2023-07-17 13:18:14,Negative
Google Play,Great 👍,5,2023-07-07 17:26:44,Positive
Google Play,Great app,5,2023-07-06 16:32:21,Positive
App Store,Can't explain why but it feels like Facebook. And it's sooooo connected to your IG that you don't really feel free to say anything. Also no +18 makes this a big nono,2,2023-07-09 04:00:43,Negative
Google Play,Installed / Got bored / Uninstalled.,1,2023-07-23 05:41:16,Negative
Google Play,Lets see how many followers I'm gonna get from here my user @arh4mm,5,2023-07-06 21:37:03,Positive
App Store,5 stars after this is implemented,3,2023-07-07 02:28:54,Neutral
Google Play,I downloaded the app but it wont work smoothly on my phone and my andriod is version 9 which means it compatible for it. But any time i want to scroll through the feed the writeup get clumsy together and the text and images start shaking...how can i rectify this problem?,2,2023-07-07 10:06:05,Negative
Google Play,The algorithm is not that great yet. Why am I seeing threads from celebs that I don't necessarily follow? It was nice for a while then poof random celeb threads appeared and I simply hated it. I wish there was a way to only see threads from people you follow.,3,2023-07-06 22:14:59,Neutral
Google Play,"Very nice app,who will beat twetter",5,2023-07-06 17:33:12,Positive
Google Play,Because Elon musk crying 😂,1,2023-07-09 06:37:08,Negative
Google Play,Better than Twitter 🐦,5,2023-07-06 16:43:51,Positive
Google Play,App not working properly... Screen getting fluctuations and blurred. Kindly fix it.,2,2023-07-08 02:55:03,Negative
Google Play,I am using this app. I think it's quite good . Mark Zuckerberg well done..👍👍,4,2023-07-08 13:26:42,Positive
Google Play,It still lacks lots of features but there's hope for the future. I appreciate the competition it brings to the table.,3,2023-07-19 14:52:14,Neutral
Google Play,it's glitching,1,2023-07-07 04:56:43,Negative
Google Play,Nice app with features you would expect for a first release. However it does crash to the homescreen after doing actions in the app sometimes,3,2023-07-07 11:43:16,Neutral
Google Play,An ugly copy of twitter.,1,2023-07-15 17:50:26,Negative
Google Play,Great 👍,5,2023-07-07 11:32:40,Positive
Google Play,Great app but add an option to create account without Instagram. I like threads but I hate using Instagram.,1,2023-07-21 19:37:23,Negative
Google Play,"A general flexible and nice app, missing some features but if it's one thing I know about mark Zuckerberg he always brings the updates",4,2023-07-07 08:07:07,Positive
Google Play,Good👍. But not necessary to use,5,2023-07-06 12:53:30,Positive
Google Play,Better than Twitter.,5,2023-07-13 08:51:14,Positive
Google Play,Idk y dis app can't deactivate account permanently. Twitter and threads. Wats going on?!,2,2023-07-06 10:17:30,Negative
Google Play,This is a quick suggestion! While uploading files their is no option to navigate to sub directories... You only have an option to upload via gallery as a whole... I mean only all the media from the phone is visible.. No navigation option for subdirectory is available... Please incorporate the change.,3,2023-07-08 13:28:50,Neutral
Google Play,"Clean off the jump. As a less than average Twitter user, I can see the appeal right away here. Will update review as necessary.",4,2023-07-06 02:05:55,Positive
Google Play,copy twitter +paste = threads,1,2023-07-07 08:38:17,Negative
Google Play,Giving a strong competition to Twitter. Loving this app.❤️❤️,5,2023-07-06 16:18:31,Positive
Google Play,Why this app is not on huawei APP Gallery? I badly want this app 😔,5,2023-07-06 09:21:25,Positive
Google Play,"I like that it doesn't show like count but number of replies. Social Media is about community, not popularity. Good job Instagram and Meta!",5,2023-07-06 11:58:47,Positive
Google Play,Hate it.,1,2023-07-09 11:58:27,Negative
Google Play,Great,5,2023-07-06 15:40:06,Positive
Google Play,So far its bad but its new app so we gotta wait until its better,3,2023-07-06 21:45:43,Neutral
Google Play,Sasta Twitter 🤣,1,2023-07-07 05:37:37,Negative
Google Play,Sir it's good but in my phone sir always happening crash problem sir whenever I am opening my threads app always crash happens plz 🙏 solve this problem sir as soon as possible...,2,2023-07-07 19:43:29,Negative
Google Play,The app is smooth to use can't wait for more features !,5,2023-07-07 01:52:28,Positive
Google Play,I keep crashing while typing a thread and it's really long and now gone,1,2023-07-07 11:25:03,Negative
Google Play,"In android, the screen and texts are smeared",1,2023-07-07 16:24:38,Negative
Google Play,It keeps crashing the moment I open it I go back to my home screen,1,2023-07-08 18:53:02,Negative
App Store,"Useless, wouldn’t trust Facebook/meta/threads  with my personal data if my life depended on it.",1,2023-07-09 23:00:34,Negative
Google Play,Can't post any pictures. Why can some people post photos but I can't? Definitely reflecting my rating of this app!,2,2023-07-07 01:24:43,Negative
Google Play,The app keeps glitching and bug on my phone,1,2023-07-06 21:22:15,Negative
Google Play,"I installed this thread app 2 or 3 times but still it is getting fully glitched if it was pbm of my phone thn whatsApp, insta all shld have got glitched. Didn't like this app . Sorry.. But i appreciate the hard work u ppl have put to make this application.",2,2023-07-07 01:47:32,Negative
Google Play,There is a difficulty to download the app however the network is OK in my region.,2,2023-07-06 16:19:44,Negative
Google Play,Glitch app not working,1,2023-07-07 16:17:01,Negative
Google Play,Stop showing me posts from accounts I don't follow,1,2023-07-16 12:50:01,Negative
Google Play,Story Thevaych Option Dya Jara 😅🤣🙏,5,2023-07-13 03:36:21,Positive
Google Play,Good stuff,5,2023-07-08 13:16:24,Positive
Google Play,Just got in threads and I am super happy with it! Can't wait to do my next post!,5,2023-07-08 04:07:15,Positive
Google Play,"Not a perfect app,",1,2023-07-06 17:42:55,Negative
Google Play,"it was supposed to be a copy of twitter, but they copied it badly",1,2023-07-06 20:24:16,Negative
Google Play,Great design and awesome features but sometimes app isn't working prorperly and showing insta followers on threads and somehow disappearing threads posts. Need little bit fixing.,3,2023-07-13 05:40:38,Neutral
Google Play,Copy cat cant even do basic functions properly,1,2023-07-08 02:27:28,Negative
Google Play,Very Good App,5,2023-07-08 17:44:57,Positive
Google Play,Cool,5,2023-07-07 13:22:00,Positive
Google Play,Cool.,5,2023-07-06 03:27:34,Positive
App Store,I will stop using Twitter immediately if Threads is on web,3,2023-07-14 04:22:06,Neutral
Google Play,"I love this app, way fewer spam bots than most, great community. Needs a few more features and that's it.",5,2023-07-22 17:02:45,Positive
Google Play,"I have Android 9, and the app goes crazy once I open it. It is rendering all the screens at once, so whenever I scroll, all of it renders at once instead of rendering just one screen. Disappointed",2,2023-07-06 07:40:42,Negative
Google Play,Full of glitches 😞😞😞😭,1,2023-07-06 15:36:38,Negative
Google Play,Trash. Can't even select your username. Just another useless app from Meta.,1,2023-07-06 19:13:49,Negative
Google Play,Better than Twitter,5,2023-07-12 16:34:14,Positive
Google Play,My experience is that I am the 1st user to rate this app . Another experience is that the app is a rivalry motivated product with a expectation to beat Twitter... Let's ride...,5,2023-07-06 08:28:14,Positive
Google Play,It's kindaa fun to use but what is it use for mark bruhhhhhu 😂,5,2023-07-06 19:59:52,Positive
Google Play,The app glitches on my phone.,1,2023-07-06 11:10:27,Negative
Google Play,This good group message photo,5,2023-07-06 14:27:57,Positive
Google Play,"Needs more work, its ok but it keeps putting in unwanted posts",3,2023-07-12 15:37:11,Neutral
Google Play,"This app is good but i hope in the next update they add something that we can put back the ""thread badge"" on our Instagram profile, i removed the badge and realized its much easier for my friends to track my thread. Plsss add it so ppl can also decide to remove or put it back huhu",4,2023-07-08 01:06:02,Positive
Google Play,Not worth it,1,2023-07-11 14:31:15,Negative
Google Play,Threads is better than Twitter 🐦,5,2023-07-06 13:22:36,Positive
Google Play,It's better than twitter,5,2023-07-24 12:08:17,Positive
Google Play,Cool app,5,2023-07-07 18:13:14,Positive
Google Play,Can't see any use of the apo.,1,2023-07-12 21:35:34,Negative
Google Play,Threads wow ❤️🤩,5,2023-07-07 07:37:31,Positive
Google Play,"Some sort of static content retention mechanism to show the last seen Thread before closing the app after a re-open would be perfect. New threads should show thumbnail of their publisher's pfp at the top, giving the user the control to go up or go down the feed.",3,2023-07-06 03:04:45,Neutral
Google Play,Very boring app,1,2023-07-18 07:05:58,Negative
Google Play,hello my name is akbar lovely bajire bbj thank you,3,2023-07-09 02:04:29,Neutral
App Store,recently installed the Threads app. Looks good. 5 stars,5,2023-07-06 10:32:17,Positive
App Store,"I've done all I know to do short of reformat my device. I know I don't have the latest hardware, but it is up to date. If I try to post or comment it crashes.",1,2023-07-07 23:30:31,Negative
Google Play,Twitter rip-off Enough said,3,2023-07-06 02:14:12,Neutral
Google Play,I hope it will be good,5,2023-07-08 07:14:19,Positive
Google Play,Very glitchy first experience. While scrolling all the text leaves a trail of itsself and doesnt get refreshed. So it's hard to scroll and read.,1,2023-07-06 01:53:52,Negative
App Store,"To be fair tho what

Vik??

Did I? 
I thought that was Harry who said that
No vik you literally said to be fair tho
Oh oh I was agreeing with Harry",5,2023-07-07 08:46:02,Positive
Google Play,"I understand it's connected to Instagram, but being a text based app, shouldn't it have messaging features as well?",3,2023-07-07 11:31:39,Neutral
Google Play,I want to delete this stupid app without deleting my insta. Fix it.,1,2023-07-07 22:52:33,Negative
Google Play,Cool👍🏻,4,2023-07-06 10:23:47,Positive
Google Play,Another Instagram worst,1,2023-07-12 07:38:59,Negative
Google Play,The app is good its almost like twitter Just implement the trending 📈 feature and add aome new other features that twitter lack,5,2023-07-06 17:07:38,Positive
App Store,Like this games. Threads.,5,2023-07-07 09:12:25,Positive
Google Play,Instagram account holder only login thread why,2,2023-07-12 03:35:28,Negative
Google Play,can't upload photos,3,2023-07-07 18:48:21,Neutral
Google Play,Nice app threads Twitter to gya,4,2023-07-08 18:28:58,Positive
Google Play,It's a good platform but you want to also add a hashtag features on it,3,2023-07-06 06:42:59,Neutral
Google Play,"Power move, Zuch!",5,2023-07-06 11:12:23,Positive
Google Play,Better app than twitter,5,2023-07-08 13:34:25,Positive
Google Play,"I dont know how to feel, so its like a tamed version of twitter with the people you follow on insta? I dont get it",2,2023-07-06 07:11:06,Negative
App Store,"There is a world in which this app could elevate to simply being mediocre. However, in our world, any potential good functionality has been sacrificed in the name of the almighty algorithm and the glazed-eye dream of corporate profits. Most social media apps tried to entice you with an initially good experience. This app boldly gives you a terrible experience up front. Let’s instead hang out on Mastodon.",1,2023-07-06 14:30:59,Negative
Google Play,"You can't compete against Twitter if you sensor and have horrible data access policies... Who are these ""independent fact checkers"" that pop up on my posts?",1,2023-07-08 16:03:25,Negative
Google Play,I don't want to use both Twitter and Instagram in same app it sucks..🤣😆,1,2023-07-11 19:07:51,Negative
Google Play,After installation texts are overlapping on each other,1,2023-07-09 10:43:27,Negative
Google Play,"I realize the app is in its infancy, but this thing is really inconvenient. I can only use the app from my phone to post. I can't use it on my laptop at all, not even taking something from my Instagram page and crossposting. Please fix this. Allow us to post from devices other than just phones. I have failing eyesight and this becomes a real problem for me because my phone screen (and anything I write using it) is so small.",1,2023-07-14 16:47:49,Negative
Google Play,I dunno what happened but can you bring back my account?? like fr my threads suddenly got disabled and now even my Instagram account was disabled.. seriously I shouldn't have downloaded this app if I know what's gonna happen,1,2023-07-14 16:42:03,Negative
Google Play,"I don't use Instagram, I quit it but I wanna try threads and it's not allowing without insta account.",1,2023-07-23 06:04:09,Negative
Google Play,A good application,5,2023-07-08 14:58:18,Positive
Google Play,"The worst app ever, no feature, just random people out of nowhere, unstable and laggy.",1,2023-07-16 13:32:15,Negative
App Store,"I like being able to have this option - I'm not necessarily opposed to it. But PLEASE... for the love of everything that is good in this world - bring back old Instagram!!! I know SO MANY people who would get back on Instagram if y'all focused on POSTS again & made a SEPARATE app for reels. If you can make a separate app for these functions, please also make a separate app for the other new features you had added. This would truly be mutually beneficial.",2,2023-07-07 05:21:19,Negative
Google Play,"its good , with nice ui , but i wish there was an option where you could get rid of the timeline full of influencers and celebs when you refresh. its so annoying seeing posts from people i dont know and dont follow, probably the only thing stopping me from moving over to threads entirely , i hate it",3,2023-07-06 13:05:22,Neutral
Google Play,BRO..THIS APP CRASHES A LOTT..I MEAN..AS SOON AS I OPEN THE APP..IDK WHAT HAPPENES..EBERY BUTTON OR TEXT OR IMAHE START OVERLAPPING EACH OTHER OR SOMETHING..IDK BUT THIS JS HAPPENING WITH MOST OF US..FIXX IT AS SOON AS POSSIBLE..WE CAN'T DO A SINGLE TASK WITH THIS GLITCH..I WANNA CHECK THE APP AND ITS FEATURES..BUT THIS SRUPID GLITCH IN FRONT APPERS AND DOESN'T END,1,2023-07-09 17:23:02,Negative
Google Play,"For first experience, the app is good. Maybe later could you please add inbox/DM feature, and section for media (pics n vids) in profile section together with thread and reply. Please add section for media so we wont need to scroll so much for pics we upload. Thanks",4,2023-07-06 10:31:31,Positive
Google Play,Nthing special,3,2023-07-13 18:03:26,Neutral
Google Play,Why on God's green earth you need my medical info access? I can't believe it!,1,2023-07-10 19:23:02,Negative
Google Play,Good copy of Twitter but not better than Twitter 😅,3,2023-07-16 07:36:49,Neutral
Google Play,Trash,1,2023-07-06 13:44:15,Negative
Google Play,"Yes, it's a new app. But Meta is not exactly an indie developer! There is literally no reason to be flooding us with Rando Accounts. That should have been basic functionality from Day 1. But like Instagram, seems Threads just wants to push random posts on us whether we like it or not. Until basic functions are in, I'll be sticking with Twitter.",2,2023-07-09 07:33:06,Negative
Google Play,Useless pale copy of Twitter without soul and no fun and tremendous use of data. Pointless.,1,2023-07-09 22:24:59,Negative
Google Play,Needs chronological timeline of follows,1,2023-07-06 01:03:01,Negative
Google Play,Bad experience at all,1,2023-07-15 07:43:10,Negative
App Store,"App that was definitely just dropped because people were fussing about twitter again and don’t get me wrong because I’d love to see new competition so twitter will step up and stop making dumb decisions, but as of now, why would I have any reason to use threads? Profiles are boring and messy, no customization besides changing your icon and putting a link, no pinned posts or some sort of media tab, no way to browse people you ACTUALLY follow, and what was the point of flexing no ads if the following feed is brand after brand after brand anyways?   There’s also no dms. 
Uninstalled after muting over a hundreds accounts, random celebrities and tiktok stars and brands I’ve never even heard of just keep appearing. Not worth your time, just keep using instagram because really, what’s the point of this app with how empty it is? Maybe in the future they will add dms and options to pin posts or have a media tab, but I legitimately can’t believe people were hyping up what’s half of a finished app",1,2023-07-10 18:11:49,Negative
Google Play,It's is good,5,2023-07-07 17:50:53,Positive
Google Play,"Competion is good, an alternative to Twitter was long due.",5,2023-07-07 10:14:30,Positive
Google Play,"Too much data collection and can't trust meta with my data, history has proven that meta is selling data or it get leaked very easy",2,2023-07-06 00:31:00,Negative
Google Play,"can I see the photos and videos designed alone, can we go live video, please",3,2023-07-06 15:24:13,Neutral
Google Play,"Pretty good app apparently it's like classic Twitter. It could use a few tweaks and adjustments especially the ability to edit your thread and better audio support for videos as well as gif insertion, also a timeline just for the people you follow would be great too, but otherwise it's solid.",3,2023-07-06 22:01:19,Neutral
Google Play,"I try to upload a picture or video, then the app crashes... Hopefully it gets fixed. Good app anyways, great alternative to Twitter for real.",3,2023-07-06 20:55:55,Neutral
Google Play,"Hey ,please don't make same color and options like Instagram make it different and use some color with the opening logo. I like the sign up option with Instagram but again I tell you please don't mix insta and thread together",3,2023-07-08 03:34:24,Neutral
Google Play,Copy,1,2023-07-18 19:34:46,Negative
Google Play,Terrible and boring app!!!,1,2023-07-09 22:12:29,Negative
Google Play,Nice as comptiter of Twitter,5,2023-07-08 12:11:21,Positive
Google Play,need more features,4,2023-07-06 15:47:42,Positive
Google Play,Good app,5,2023-07-06 15:59:22,Positive
Google Play,Very very buggy! If I try to scroll all the info on screen drags and overlays on top of each other. It's unusable,1,2023-07-06 17:26:06,Negative
Google Play,How upload profile picture 📸,2,2023-07-07 13:34:16,Negative
Google Play,TWITTER S BEST HAI 😅,5,2023-07-12 16:55:12,Positive
Google Play,Very Good app 👍🏻,5,2023-07-14 05:07:45,Positive
Google Play,"This disgustingly look exactly like Twitter, create your own thing. It's stealing 🚫",1,2023-07-09 03:18:18,Negative
Google Play,Just a cheap knockoff of twitter no special features nothing different to stand out,1,2023-07-09 03:15:49,Negative
App Store,"as the tittle says, pretty decent & has potential! but personally, as i’m sure others would agree too (i also know you’re still developing/tweaking) but i would love my home feed/timeline to consist of ONLY the people i follow. i’d like a separate explore tab with all the random ppl (the home page you currently have) would be nice! i would love to pick & choose when i get to see random people i don’t follow because my home page just feels like spam/junk mail with zero access to content i actually care about.  also, would love to see a, who i’m following tab as well. thanks!",3,2023-07-07 12:13:35,Neutral
Google Play,2rd copy of Twitter Zuck keyboard = copy & paste 😤😤😤,1,2023-07-19 14:48:35,Negative
Google Play,"Please be my pin, because I'm the thread that you need 😜😮‍💨",5,2023-07-06 13:46:04,Positive
Google Play,"If you will login once in threads, you can't delete your threads profile ever. If you want to delete your threads profile, your Instagram profile will also delete. You can only deactivate the threads account. So think before download.",2,2023-07-16 05:08:14,Negative
Google Play,Good app!,3,2023-07-06 00:47:15,Neutral
App Store,"it’s basically a way to connect with people who are interested in what you are interested in aswell, nice app zuckerberg 📝",5,2023-07-06 16:07:01,Positive
App Store,"I can't log in into this application and i don't know why! 
I'll be thankful that someone helps me :)
I've tried many times but i just recived erros but nothing..",1,2023-07-06 11:58:05,Negative
Google Play,Because My video viws not coming,1,2023-07-07 16:27:48,Negative
Google Play,"Fixed the comment pane, tks 👍👍👍",5,2023-07-11 17:39:38,Positive
Google Play,Good aap. It's good to see that they are providing a threads version.,3,2023-07-07 04:25:39,Neutral
Google Play,Nice job with you guys and gold for you guys,5,2023-07-06 09:12:40,Positive
Google Play,The rest of the age will come to know experiment when it is necessary to be more and different even if all looked same yes (feature) could have been introduced in some new form. But he was not kept equal to his rival. It is expected that more good things will be seen in the future.,3,2023-07-11 19:04:57,Neutral
Google Play,If insta and Twitter had a child,4,2023-07-06 09:34:13,Positive
Google Play,As is it's impossible to use. I do not have an Instagram account. I cannot use the app without creating an Instagram account. You cannot create an Instagram account from within the app. Ergo the app is impossible to use without already having an Instagram account or going to Instagram to create an account outside of the app. 0/10,1,2023-07-07 16:46:25,Negative
Google Play,Very nice this app💜,5,2023-07-06 09:24:33,Positive
Google Play,Why its connected with Instagram.. i installed it and open account from insta. Now this thread badge is shown up in insta's bio. I Removed it many times from there..but its again shown on page refresh. Please do this app independently from insta...or i uninstall both the app..🙂,1,2023-07-12 03:13:23,Negative
Google Play,Nice this twit app,5,2023-07-12 09:35:58,Positive
Google Play,Theif,1,2023-07-06 18:42:21,Negative
Google Play,Wow 😮 very good,5,2023-07-07 09:46:51,Positive
Google Play,Nice app..... Add DMs to it and allow me to pin a post ☺️,5,2023-07-07 15:37:41,Positive
Google Play,Musk ko compitition 👍👍✌️,5,2023-07-08 08:35:48,Positive
Google Play,It's fun ...but need translate tweet option as soon as possible,5,2023-07-06 09:46:40,Positive
Google Play,Good Application,5,2023-07-06 10:11:39,Positive
Google Play,Exceptional extraordinary meta experience index over the hurtle and brightening my life.,5,2023-07-08 01:42:22,Positive
Google Play,"constantly bugs out, unusable for now",1,2023-07-06 08:24:53,Negative
Google Play,She blocked on redmi note 8,1,2023-07-07 18:49:26,Negative
Google Play,Aap is so interesting. But it is not good,1,2023-07-13 04:32:24,Negative
Google Play,"It's nice App, but you need to bring direct message feature please.",4,2023-07-08 06:34:29,Positive
Google Play,Breath of fresh Air! I never knew just HOW toxic the other app had gotten until I switched to Threads. It's only been a week and everyday it gets better and better.,5,2023-07-12 02:54:06,Positive
Google Play,"Why am I facing glitching issues every time I open the app, i tried uninstalling the app and then reinstalling,then also it didn't work, all i could see was an entire screen full of glitches",1,2023-07-07 07:23:23,Negative
Google Play,Not bad initiative.,3,2023-07-06 04:25:54,Neutral
Google Play,"The application keeps glitching since i open it, once i touch the screen it glitchs, can't use it at all",1,2023-07-10 08:55:18,Negative
Google Play,Great application,5,2023-07-07 17:03:42,Positive
Google Play,I think it's good to compete with Twitter. They are creating monopoly.,5,2023-07-06 13:08:25,Positive
Google Play,The app crashes often hope you fix it soon,3,2023-07-06 21:59:54,Neutral
App Store,Much to be desired as of now.,3,2023-07-07 15:23:33,Neutral
App Store,Watch Sound of Freedom! A true story movie about human/child trafficking in certain theaters now or soon to be on Twitter thanks to Elon. The movie was made 5 years ago and they’ve tried to put it on all streaming platforms and got denied by all of them. Multiple roadblocks in their way but the truth always comes out. Gods children are not for sale.,1,2023-07-11 05:54:23,Negative
Google Play,Wish I didn't have to have an Instagram account to use this. It is what it is I guess...,1,2023-07-06 06:05:50,Negative
App Store,"App is terrible. A rip off of Twitter and Zuck just wants to be Elon so bad. These clowns in these reviews saying Twitter is dead are just full of it and just be bots. Enjoy your one sided views on everything, with no opinions from the other side to promote discussion and critical thinking. Uninstalling immediately.",1,2023-07-07 11:58:07,Negative
Google Play,The only reason I'm giving it a three star is because when you follow people they don't show up on your feed it's a bunch of random users other than that the app itself is pretty cool,3,2023-07-10 22:23:21,Neutral
Google Play,I cannot download this app as the button which is for the word download does not appear .,5,2023-07-09 06:41:02,Positive
App Store,"No chronological feed, no control over what posts you see in your feed. Following people is basically useless. Don’t download this or you will have to delete your Instagram to delete threads.",1,2023-07-09 17:28:21,Negative
Google Play,It can be something good in the future.,3,2023-07-07 18:16:27,Neutral
App Store,"So I had enough time to use this app and it’s going places 

All I wish for is:
The ability to have multiple accounts like instagram 
More settings 
Stories should be on threads also 
Direct messaging (end to end encrypted)
And others but overall it’s a very great app",4,2023-07-06 01:18:36,Positive
Google Play,hello spyware,1,2023-07-07 09:30:45,Negative
App Store,"Everybody has commented about the features and functionality that are still needed. I assume those will come with time.

I am a little concerned that the app seems to access every bit of private data possible.  The app has private settings, but they are convoluted and not so easy to work through.

The app is also draining my battery like no other app. If I can't figure out a fix for this, I'm not sure I can leave the app installed.",3,2023-07-08 20:24:04,Neutral
Google Play,Isse ek baar I'd banane pe isse delete account krne pe aapka insta account bhi delete ho jayega It's so very bad 😞 app 🤣🤣,1,2023-07-10 00:42:16,Negative
Google Play,It's an amazing app.. just loving it !!,5,2023-07-06 10:34:29,Positive
Google Play,Nice experience better than Twitter great job mark zuck,5,2023-07-06 13:28:31,Positive
Google Play,Freezing up and not working properly,1,2023-07-06 23:01:26,Negative
App Store,"I see the potential, but it keeps logging me out every time I want to comment or post. A bug needing fix.",2,2023-07-10 14:05:18,Negative
Google Play,Very good app,5,2023-07-06 05:13:44,Positive
App Store,"i think you should make it easier to switch accounts instead of having to log out and then log into another account, make it something similar to insta. i also think you should make it where you can double tap to like a post",4,2023-07-06 18:44:35,Positive
Google Play,Cool,5,2023-07-06 12:54:29,Positive
Google Play,It actually have a lot of bugs! Thread team should fix the bug first before it launched!,2,2023-07-09 20:11:51,Negative
Google Play,I posted so many post.😔 but didn't even get a like.😔 And not reached also.😔,1,2023-07-16 16:00:03,Negative
Google Play,"Content feed is full of people I neither know, nor have ever heard of. Scrolling forever to see anyone I follow. Just going to keep using Mastodon.",2,2023-07-08 23:50:31,Negative
Google Play,No translate function just like in ig or twitter that is very inconvenient. Hope can add this function very soon.,3,2023-07-06 13:51:57,Neutral
App Store,"Hi Meta, I really like how simple and intuitive the UI is for this app. Though, I think this app desperately needs a “trending page” where you can see any big events or news at a glance like how you can on twitter. This would definitely help drive more people away from twitter and onto your platform.",5,2023-07-06 00:16:46,Positive
Google Play,"Overall experience is good but I have facing issues while uploading the photos ,that was very disappointed",3,2023-07-11 01:32:10,Neutral
Google Play,warning this app WILL suspend your instagram account if you decide to follow all the accounts you follow already on Instagram. There is ZERO appeal process.,1,2023-07-06 11:26:57,Negative
Google Play,Can't get onto instagram so no chance of getting onto threads!!!!!,1,2023-07-08 10:53:50,Negative
Google Play,It's not good as Facebook,1,2023-07-15 04:37:10,Negative
Google Play,"Nepotism, 😏",5,2023-07-07 15:51:40,Positive
Google Play,Nice app but need to include features like :- 1. Poll option 2. Image cropping before posting 3. Data saver mode like Video Autoplay off 4. Media section seperately on Profile page.,3,2023-07-06 05:17:11,Neutral
Google Play,"The application works fine without problems, but there is a very noticeable minus there is no transfer in Threads, and you need to make two buttons, the first recommendation, the second on which you are subscribed, this is my personal opinion, otherwise 4 stars, I hope the developers will notice this, and by the way, me too programmer",4,2023-07-08 13:38:57,Positive
Google Play,Very nice app 🤠👍👍,4,2023-07-10 07:24:55,Positive
Google Play,Loving it,5,2023-07-07 08:01:34,Positive
Google Play,It's better than Twitter,5,2023-07-07 04:10:45,Positive
Google Play,UI looks clean but Please provide save picture or video option. Also Home feed looks odd. It should show the posts from who we follow or show related to who we follow or based on our location,3,2023-07-07 11:07:28,Neutral
Google Play,Nice app tho,4,2023-07-06 10:09:08,Positive
Google Play,Unable to download app,2,2023-07-09 17:52:00,Negative
Google Play,The thing is i was really excited to try threads but when I downloaded it on my Samsung tablet it had grafical error it was just broken I am redownloading it to see if the issue is still there if is I will edit this,3,2023-07-08 04:42:30,Neutral
Google Play,Excellent app for communication interface. Truly I'm addicted for this app. Instead of twitter I'll use this. Thank me META for providing such useful application.,5,2023-07-24 15:06:48,Positive
Google Play,"Not too different from insta, I'd stick to insta then. And it's not even that interesting",2,2023-07-11 12:37:46,Negative
Google Play,It is a good app and overall good concept but I guess it is better if u add chat option and stories with the new updates. This is just the beginning. I hope we will see good later,4,2023-07-10 15:45:10,Positive
App Store,"This is a good app! I like it so far, I just wish I could have a “following” page and a “for you” page that are separate. I want to see what just my friends are saying or just new people, not a mix of both. Otherwise, great!",4,2023-07-09 04:43:45,Positive
Google Play,"The app is good because I can share what's on my mind, but the problem is there's no followback button. You need to visit the profile first so you can follow it back",4,2023-07-08 07:16:35,Positive
Google Play,Lol what the hell is this zuck needs more data buzz of meta Twitter is best,1,2023-07-06 03:45:21,Negative
Google Play,"Good Twitter alternative, but at the moment the app crashes whenever I post HD images",3,2023-07-06 10:03:22,Neutral
Google Play,Server too slow pls improve,3,2023-07-06 14:26:53,Neutral
Google Play,This app is not stable,1,2023-07-08 11:05:21,Negative
Google Play,"So is this app available in the EU or not? Because I was able to download it and follow a bunch of pages just fine, but now it's just ""something went wrong"" all the time. What's up?",2,2023-07-21 17:24:18,Negative
Google Play,"This app is good to use, however I can't post photos.",3,2023-07-08 01:41:25,Neutral
Google Play,Copy paste of Twitter🙄,3,2023-07-07 12:31:01,Neutral
Google Play,"There is no reason provided for updates, so I provide no reason for more than 1 star.",1,2023-07-22 22:28:52,Negative
App Store,"You have to link your Instagram account, no other option. And if you want to delete Threads, you have yo delete your Instagram account. I never link accounts, ever. I won’t be signing up until you can create independent accounts.",1,2023-07-10 13:55:24,Negative
Google Play,"This app really needs improvement. Because after opening threads, my instagram account cannot be opened. It always sunddenly closes.",2,2023-07-09 10:58:32,Negative
Google Play,Copy,1,2023-07-14 18:04:01,Negative
Google Play,"If I don't have / want an Instagram account so I can't login, that's not acceptable. I am uninstalling the app.",1,2023-07-09 19:57:41,Negative
App Store,"It’s a good app however it needs a lot of work and features that all other social networks have.

1. Chronological home feed so you can view thing in order.

2. For you feed so you ca see only the Threads from people you follow also in chronological order.

3. The ability to view the list of people you follow and ability to unfollow from the list.

4. The ability to view things you liked and favorited as a feed in your profile page.

These are major things that all other social networks have and Threads doesn’t have and for a lot of people that’s a deal breaker. I hope to see these features sooner rather then later because people WILL stop using this app and go back the the app Elon is currently hellbent on killing because there will be no better place.",3,2023-07-14 16:55:30,Neutral
Google Play,Save yourself the uninstall and just don't download it.,1,2023-07-06 20:54:43,Negative
Google Play,"There is a bug in the app , please improve it instagram team",3,2023-07-06 15:19:48,Neutral
Google Play,So far not a big fan. Its alright but my feed is majority people I am not following nor are of any interest to me. Until I only see people I follow on my feed I wont give it any more stars. I dont care about things that dont align with my interests.,3,2023-07-06 14:31:59,Neutral
Google Play,"Currently unusable, everytime I open threads and scroll up and down, the UIs and Texts keeps multiplying like India's population rate",1,2023-07-06 16:25:24,Negative
App Store,"When installing the application, I hid it, but now I want it to be visible in my instagram profile that I am registered in Threads. 
Add this parameter and you will have a high score!
Thank you.",1,2023-07-17 20:26:59,Negative
Google Play,Downloaded It --> Tried Opening the app --> App Crashed --> App uninstalled--> Good Riddance,1,2023-07-07 09:15:50,Negative
Google Play,"I really love this app, but dear Devs, please help: I was in the zone with the bad internet, where I got an error saying that the feed cannot be loaded. But when I came home, the problem didn't disappear. And unfortunately, I still cannot post for some reason, see my threads and likes. I cleaned cache, reinstalled the app, checked the network access. How can I solve this?",1,2023-07-21 22:13:52,Negative
Google Play,Smooth onboarding and sync with Instagram. But please allow us to pick media from folder other than root gallery,4,2023-07-06 08:16:48,Positive
Google Play,🔥 first review,4,2023-07-06 00:55:40,Positive
Google Play,The fact that it forces me to see content I don't want gives it a one-star review immediately. I don't want to see any content from anyone other than the followers I have selected.,1,2023-07-10 16:32:03,Negative
App Store,"Pretty cool app. A great way to connect with friends. 

I would appreciate an explore page so that our main TL isn’t saturated with accounts that we don’t follow.",3,2023-07-09 12:22:31,Neutral
Google Play,"This app is an amazing app, very interesting, but it doesn't have a future of direct message.",4,2023-07-09 18:22:52,Positive
Google Play,It only accept left wing propaganda,1,2023-07-07 21:33:18,Negative
Google Play,Like Twitter it's just for large corporations to say dumb things. Doesn't seem like there are any real people on here,1,2023-07-18 19:48:22,Negative
Google Play,Love the UI and it's really smooth,4,2023-07-06 09:57:17,Positive
Google Play,But the fact that the president,5,2023-07-09 07:47:31,Positive
Google Play,"Click on Twitter, Press Ctrl+C then Click on Instagram nd Press Ctrl+V..",1,2023-07-07 12:12:22,Negative
Google Play,This app is so very nice ❤️❤️,5,2023-07-06 17:20:43,Positive
Google Play,So many crashes! On xiaomi ! From this morning! I can't even use the app! And beside all that! If it's trying to take Twitter's place ! Where the heck is explore?? Seriously?,3,2023-07-07 12:32:12,Neutral
Google Play,Waiting for more option,3,2023-07-07 16:28:56,Neutral
Google Play,Amazing creation,5,2023-07-06 14:41:20,Positive
Google Play,"So far so good. Seems to be working out some bugs, I keep getting kick out the app whenever I try to respond to comments. My phone also provided a pop-up stating that it has bugs. So I'm hoping that works itself out bc I really do enjoy it.",3,2023-07-07 12:35:44,Neutral
Google Play,"I would really like to be able to use more than one account. I have 2 IG accounts, 1 business and 1 personal, but can only use one on the app on my phone by just switching like on the IG app.",4,2023-07-11 01:07:22,Positive
Google Play,Marathi language is not available,1,2023-07-08 03:46:17,Negative
Google Play,Good application 😍,5,2023-07-06 09:23:09,Positive
Google Play,Dire. Installed and uninstalled because the flow of it isn't upto scratch. You get random posts in your feed. The data collection is very bad and intrusive,2,2023-07-16 20:10:36,Negative
Google Play,"I installed the program and after the countdown on Instagram, I visited the program several times to run. But unfortunately it does not work yet",3,2023-07-05 23:30:18,Neutral
Google Play,Cheap copy of twitter thread,1,2023-07-09 08:02:36,Negative
Google Play,First review 😎,5,2023-07-06 04:01:09,Positive
Google Play,Good app but doesn't work properly what ever I do it comes up 'sorry can't load try again' or 'sorry we couldn't complete your request please try again in a moment' and how many times I try again it never works.,1,2023-07-25 04:33:20,Negative
Google Play,"Going on two weeks since public launch now and this app is starting to suffer from lack of very common features (which honestly should have been standard at launch). No ability to filter your feed or search posts/tags. Account follower import seems to be messy for those with a larger following. It has some good things like in line thread adding good media display. But, these are not enough to keep the app afloat on their own.",3,2023-07-17 12:39:16,Neutral
Google Play,The experience is awesome but it would be great to be able to translate certain posts to our respective languages to understand just like on Instagram,5,2023-07-07 09:45:23,Positive
Google Play,Can even download the app,1,2023-07-06 14:00:19,Negative
Google Play,Worst experience,1,2023-07-07 10:10:15,Negative
Google Play,So much glitch and lag... Automatically turns off and stops responding. Please fix this bug ASAP!,1,2023-07-06 17:52:15,Negative
Google Play,Congratulations ISRO Chandrayaan -3 Misstion successful,5,2023-07-18 15:16:30,Positive
Google Play,"If you are concerned about privacy & data protection, avoid this app.",1,2023-07-08 05:54:25,Negative
Google Play,Gorgeous,5,2023-07-10 04:38:02,Positive
Google Play,Worst app ever,1,2023-07-25 03:16:41,Negative
Google Play,Can't upload videos with photos lately!!! Buggy!!!!,2,2023-07-14 16:26:42,Negative
App Store,UI is simple and pretty cool,5,2023-07-06 00:23:35,Positive
Google Play,"Worst app,twitter is better with freedom of speech without cancellation",1,2023-07-13 15:04:15,Negative
Google Play,Why is the Hashtags not working 😏😏😏,3,2023-07-06 19:01:02,Neutral
Google Play,"The app as a platform is great, besides the interface and stuff... but one only issue is that scrolling is low smooth plus I would like to suggest some ways to make Threads go incredibly stylish, such as the like button animation and the app's icon color matching for android 13+ However it's an excellent app that's looking to be perfect, thank you Marks crew 👌",4,2023-07-06 19:22:19,Positive
Google Play,"Excited to try out, just meh, 1 star rating for Account deletion process. DO NOT USE if you are not 100% committed or else you will have to delete your Instagram account as well",1,2023-07-06 20:07:39,Negative
Google Play,Mostly viral app,3,2023-07-06 17:50:18,Neutral
Google Play,I am disappointed for your threads app your app is after the download then I enter your app the app flickering and a page is like disconnected cable connection problem🤣🥴. So to solve the problem,1,2023-07-07 03:32:40,Negative
Google Play,"I accidentally remove the threads badge on my instagram profile and there's no way to recover it back :-( Can you please solve this problems ""hide badge"" thingy. Can you please put or add ""unhide badge"" on instagram so that I can really enjoy this app.",1,2023-07-08 21:00:01,Negative
Google Play,"Definitely still enjoying this low stress and low drama experience on day 2. It has room to grow and improve, and a rollout of new features will help to retain users, but for something in its infancy, it's pretty great.",5,2023-07-06 17:21:39,Positive
Google Play,It's not opening,1,2023-07-06 08:36:45,Negative
Google Play,another comfy zone i guess(?),5,2023-07-06 01:36:18,Positive
Google Play,Connecting and redirecting to Instagram resets the Threads' profile. And then shows partial data from Instagram. Test it well team 😗🤏🏼,3,2023-07-06 21:58:49,Neutral
Google Play,"Very2 simple, and i love the clean look!!! I know this app need to add more features but pls pls pls pls make it simple and not messy like Facebook & Instagram? Pls hear what users want.. Instagram algorithms sucks, so far i love this one.",5,2023-07-07 13:17:38,Positive
App Store,"So far it reminds me of twitter, already saw a thirst trap.",3,2023-07-06 15:47:37,Neutral
App Store,"I logged in but get a message that says,

An unexpected error occured.
You are receiving this error because something went wrong loading this screen. Tap the refresh icon below to try again.",4,2023-07-07 02:56:02,Positive
Google Play,it's okay. I'm going to give the app time to grow,3,2023-07-07 03:04:25,Neutral
Google Play,"It's like the new twitter! Love this app i can rant, i cant talk to friends thru threads!!",5,2023-07-06 09:26:18,Positive
Google Play,So far so good I would like to put this out there please please make sure that this platform stays Scam free we don't need or want it. And please keep it free from hate only advertisement s from real business not scams,5,2023-07-09 05:18:49,Positive
App Store,"When I click a thread I can’t see any replies. Instead I get a message saying “Sorry, something went wrong. Try again.” Same thing when I click on someone’s profile. I go to their page but don’t see any of their threads or replies. It says “Content not available”. When I try to reply to a thread it shows up as a reply but it says “your thread failed to upload”. If I click the heart at the bottom I go to the Activity page. On that page no matter what I select from the menu: All, Follows, Replies, etc… each says “Sorry,something went wrong. Try again”. My wireless connection is strong. I’ve tried both with and without a VPN. I’ve deleted and re-downloaded the app a few times. Nothing helps. Always the same result with the same bugs.",4,2023-07-22 04:39:01,Positive
Google Play,I wish I were install it yesterday 😞,4,2023-07-06 16:06:22,Positive
Google Play,Lacking so much behind... Blue bird 🐦 >>>> Threads,1,2023-07-06 11:12:51,Negative
Google Play,"No search option to search for post only for accounts, i see post from people i didnt follow.",2,2023-07-07 15:45:55,Negative
Google Play,The home screen is just mixing up everything maybe a bug please fix it,2,2023-07-06 16:24:17,Negative
Google Play,This app is next level and will beat twitter,5,2023-07-06 15:21:24,Positive
Google Play,Idk but this app is buffering when i opened it check my threads on ash233u account,1,2023-07-06 19:15:41,Negative
App Store,To many scam bots trying to make you click virus links,3,2023-07-15 18:43:47,Neutral
Google Play,Now twitter is over for sure....,5,2023-07-06 09:25:00,Positive
Google Play,Chutia ap by mark juker tying to copy twitter,1,2023-07-19 14:52:54,Negative
Google Play,You have to be an Instagram user before you can use Threads. That makes it seem like a bit of a bait-and-switch if you just want to use Threads.,3,2023-07-07 17:00:16,Neutral
Google Play,Really impressive,5,2023-07-08 04:35:53,Positive
Google Play,Yea no thanks after seeing all the Data that is collected on this app. No thanks especially after META was working with the GOV.,1,2023-07-07 00:22:25,Negative
Google Play,It's OK but it's crashes to much,2,2023-07-15 07:55:05,Negative
App Store,"We need a likes tab on profiles that users can choose to make private or public but that they have access to and can see all their liked posts at.

The likes feature should be used to connect and keep track of information but right now that information is hidden to the users while fully visible to the engineers. 

I understand it needs to be different than other platforms but I think accessing “likes” on profiles is a universal feature and would not make threads more like any other platform, it would just make it more user friendly.

Thanks!",3,2023-07-08 15:49:42,Neutral
Google Play,"I dont know what happened but as soon as I log in into threads, its kind of a bug or something, my screen suddenly starts acting weird and the title and post begins to flicker. I reinstalled it many times but didn't worked. I can't even read a thing.",1,2023-07-09 05:44:31,Negative
Google Play,Unable to log in after logging out to switch account.,1,2023-07-08 02:42:11,Negative
App Store,"So far, Threads forced me to view “threads” by people I do not follow, and artificially jumbles the order of threads so I cannot keep track of any event/news in real time. Not everyone just wants Instagram in text form.

This app will become workable when they permit the option to only see threads from people I follow, and in chronological order..",2,2023-07-06 10:28:33,Negative
Google Play,Great app o also waiting to fix the hashtag option and trend page also will be nice if we can join same all our Facebook friends or follower as instegram and option to share any video to another app or downloa I have great suggestions to give the first all first 50 millions the Install it and use it the blue confirm they deserve it because they trust and make other trust,5,2023-07-07 21:16:56,Positive
Google Play,it's Very Good App like Instagram make early account to take your Name,5,2023-07-06 09:45:51,Positive
Google Play,I love this app so much it's better than Twitter not gonna lie,5,2023-07-06 21:41:13,Positive
Google Play,This is not opening,1,2023-07-13 16:59:59,Negative
Google Play,"This application is good but there are no trending features, I hope it can be developed again",4,2023-07-07 02:04:43,Positive
Google Play,App is crushing while posting a thread with photo. Besides it uses more phone ram & lag the whole device.,2,2023-07-06 11:39:39,Negative
Google Play,This is a good app,5,2023-07-06 03:58:41,Positive
Google Play,It keeps on glitching it looks like a broken phone whenever I open the app,3,2023-07-06 05:01:05,Neutral
Google Play,Basically a poor man's Twitter,1,2023-07-09 06:26:56,Negative
Google Play,"This app is the worst version of Twitter, the only thing Lark Lukerberg knows is copy paste from other apps. Twitter is way ahead of this mid app.",1,2023-07-06 15:37:46,Negative
Google Play,"Cool interface. Nice idea. However, I'm unable to browse different locations in my phone to add a photo or video to my post. This is significant issue and a turn off",3,2023-07-07 15:45:47,Neutral
Google Play,"First time trying threads app basically just instagram based text or comments section, maybe the different between this app and twitter from the POV of user where at twitter users tend to hides their real name/username or alter account but it is different within this threads app automatically sync uname with instagram",4,2023-07-06 18:29:15,Positive
Google Play,"Add thread *pinned 📌* feature , That would be very cool",3,2023-07-07 02:59:58,Neutral
Google Play,Great Application,5,2023-07-06 13:08:32,Positive
Google Play,Is very realy,5,2023-07-09 20:48:13,Positive
Google Play,Great app and much better than Twitter.,5,2023-07-06 10:48:21,Positive
Google Play,Very impressed I like this app,5,2023-07-06 21:21:47,Positive
Google Play,Innovate something you theifs,1,2023-07-22 11:15:32,Negative
Google Play,"Very disappointed,first of all we can't logout,then when I am opening Instagram the app keeps automatically logout",1,2023-07-22 13:51:15,Negative
Google Play,"This app has potential, but it needs an explore option, hashtags, and promotion.",3,2023-07-06 17:36:13,Neutral
Google Play,"Bug where instagram link not appear when visitting someone thread account, no 'recent activity' so you can't see liked or saved threads",4,2023-07-07 07:34:40,Positive
