source,review_description,rating,review_date,predicted_sentiment
App Store,"The IG & Thread integration is top tier, excited to see where this platform goes",5,2023-07-06 05:57:03,Positive
Google Play,"App is good make more flexible like stories share ,dm",5,2023-07-08 14:41:17,Positive
Google Play,Best Compitator for Twitter,4,2023-07-06 08:50:17,Positive
Google Play,Nicee app,5,2023-07-06 18:45:29,Negative
Google Play,The old threads app was way more useful than this one.,1,2023-07-07 12:17:24,Positive
Google Play,"I logged out to create a second profile, but now I cannot login or create a profile. Keep getting an error message, and then the app crashes. Please help!",4,2023-07-07 17:42:47,Negative
Google Play,I hope this app wins towards Twitter,5,2023-07-06 00:41:33,Positive
Google Play,Good but a copy of Twitter 😁😁,2,2023-07-06 07:24:07,Negative
Google Play,After deleting threads account my Instagram account not opening please solve this problem,1,2023-07-08 07:04:05,Negative
Google Play,The cool thing about @threadsapp for me is the ability to have actual conversations and build communities and friendships through sharing thoughts instead of sharing content. I like talking. I like listening. I like threads.,5,2023-07-06 09:27:14,Positive
App Store,"I try to do something on the app, it gitches and it kicks me ou of the app. I'd like this to be fixed.",2,2023-07-06 22:15:13,Neutral
Google Play,One of the best apps thank you Meta for the ease of working with threads,5,2023-07-08 00:30:17,Positive
Google Play,"Logo is Tamil alphabet,,, Ku ,, which Loose ku , or which ki",5,2023-07-06 08:37:45,Negative
Google Play,"Ok, so again algorithm is going to feed you with all sorts of garbage. Make the ""see people you follow only"" mode.",1,2023-07-14 08:50:04,Negative
Google Play,Never go back option and Instagram combo deleted option,1,2023-07-06 11:15:33,Negative
Google Play,Follow me please,5,2023-07-09 06:27:53,Negative
Google Play,Cool,5,2023-07-07 17:04:53,Positive
Google Play,Blury quality issue,1,2023-07-09 15:36:52,Negative
Google Play,Awful in every way,1,2023-07-19 21:59:33,Negative
Google Play,Not good tow mistek 1.AV video only no audio 2.language no tamil so this app is not good,1,2023-07-08 02:56:07,Neutral
Google Play,"This app have a lot of bug when i write a text ,this app crashed and it closed",3,2023-07-08 05:53:17,Negative
Google Play,"I like it better than twitter, please, please, be the twitter killer.",5,2023-07-06 23:44:12,Positive
Google Play,it's very amazing absolutely very amazing. i like it. eassy and beautiful towards the Instagram. Thank you so much threads.,5,2023-07-08 10:03:40,Positive
Google Play,Great 👍,5,2023-07-08 08:08:33,Positive
App Store,They're censoring like instagram. It's meta can't expect much,1,2023-07-11 16:22:54,Negative
App Store,"The app is nice. However, users should be able to search up specific threads on a topic.   users should also be able to see what’s trending for them, in their country and around the world. Finally users should be presented with thread topics that is based on their interests. 

With these necessary additions I can see my self permanently committing to the Threads app.",4,2023-07-06 14:47:46,Positive
App Store,"I was logged out of my instagram a day after downloading this app, everytime i would open it my instagram would sign me out automatically now i cant get into my instagram account at all, there is zero to no customer support and i want my account back",1,2023-07-08 21:34:19,Negative
Google Play,Osm this aap😀,5,2023-07-06 14:43:14,Negative
Google Play,It's good but no friends available here,5,2023-07-06 03:48:04,Positive
App Store,Es como Twitter pero con cesura 10/10 In loved with this app 😍😍,5,2023-07-06 18:16:22,Positive
Google Play,It's a beginning of @zuck brain,5,2023-07-06 16:37:03,Negative
Google Play,It's glitchy on my phone,1,2023-07-06 22:16:48,Negative
Google Play,Just wow,5,2023-07-08 22:02:49,Positive
Google Play,There is so many glitches,1,2023-07-07 09:55:19,Negative
Google Play,"I think i Love this apps its amazing. I believed and got confidence that threads app have now kicked off Twitter, i was frustrated by Twitter millions times. Keep it up, Threads to the World",4,2023-07-06 15:02:26,Positive
Google Play,It is nice and has hight quality,5,2023-07-07 00:01:44,Positive
Google Play,Doesn't load half of the screens! Sorry something went wrong all the f@#$ing time,1,2023-07-24 18:43:57,Negative
Google Play,"Great app, but it needs dm's and a save feature.",4,2023-07-06 20:08:03,Positive
Google Play,Better than MUSK,5,2023-07-06 09:57:12,Positive
Google Play,I'll give it a 4 rating Good features Unique interms of censorship.. Suggestions 1. Let people that Follow you be visible Alone. 2. Need to also give opportunity to edit name without changing it from instagram.,4,2023-07-07 12:23:15,Positive
Google Play,Roasted Twitter,4,2023-07-07 03:11:03,Positive
Google Play,Not able to login,1,2023-07-07 07:39:43,Negative
Google Play,When i was follow someone after refresh it automatically unfollow but show in my profile that you was follow him,2,2023-07-13 16:54:58,Negative
Google Play,I don't have Instagram ac.,1,2023-07-10 03:25:32,Negative
Google Play,This app without dark mode is just very irritating 😫 Bring it on man or are just busy practicing for the cage fight 😐,4,2023-07-22 17:52:07,Negative
Google Play,Very nice app👍,5,2023-07-06 05:10:39,Positive
Google Play,it's Good,5,2023-07-11 20:32:13,Positive
App Store,"You have no option to deactivate the account 
You can’t join thread without give them permission to all your data",1,2023-07-11 01:00:21,Negative
Google Play,"Weeks into that inaugural June training, one volunteer, a disabled retired Marine Corps captain, called the local sheriff’s office to report he was battered by Florida National Guard instructors when they forcibly shoved him into a van after he questioned the program and its leadership.",5,2023-07-15 13:24:35,Negative
Google Play,Great App!,5,2023-07-06 07:30:39,Positive
App Store,I think it’s cool do lunch this app but really we all know Zuckerberg is doing this for competition against elon,4,2023-07-07 23:23:46,Positive
Google Play,Very exilant app,5,2023-07-06 04:53:17,Negative
Google Play,It's meta and there's no desktop access,1,2023-07-07 01:50:55,Negative
App Store,Needs topics and to stop forcing celebrities on me but it’s fine I guess.,3,2023-07-07 08:13:55,Negative
Google Play,Battle of billionaires and people are affected by that,3,2023-07-05 23:36:32,Negative
Google Play,I couldn't even see my timeline it glitches like hell but I like the idea,2,2023-07-06 17:15:16,Negative
Google Play,It is very tirty app bus mai abhi itna hi boluga,5,2023-07-16 17:16:18,Positive
Google Play,Good app,4,2023-07-06 12:04:02,Positive
App Store,I will stick with Twitter- everything I see aligns with politics and I do believe things are being censored already.,1,2023-07-15 15:22:12,Negative
Google Play,3rd grade copy of twitter. Better we stay on Twitter and keep supporting Musk for freedom of speech.,1,2023-07-09 13:09:00,Negative
Google Play,Good apps,5,2023-07-08 16:14:49,Positive
Google Play,This is good app,5,2023-07-11 18:55:09,Positive
Google Play,Very easy and good app to use,5,2023-07-08 23:51:53,Positive
Google Play,I loved it but we can't save pictures from there that's the problem for me,4,2023-07-08 07:58:11,Negative
Google Play,"So I need Instagram to login, what a dumb app!",1,2023-07-08 14:55:04,Negative
Google Play,it's like twitter... Threads is useless and is boring.,1,2023-07-08 11:57:50,Negative
App Store,"They could have done it years ago but they wanted to control Twitter.
Now when they don’t have control they created this app they did a great job

100m users in a week.",5,2023-07-06 10:27:02,Positive
Google Play,"I want my video muted for private reasons and i hope insta/meta devs can make it slightly bigger so that i avoid pressing the video when pressing the unmute button, i hate it when it happens becoz the video gets enlarge, i like the auto play feature while scrolling, the mute/unmute button is just my problem. So i rate it 4/5, so far so good it feels like a new home, a new space to breath, new people to meet, internet feels new again. Thank you Instagram! Thank you Meta!",4,2023-07-06 16:22:29,Positive
Google Play,May be Zuck should bring innovative ideas rather than copying Snapchat Twitter Tiktok features Plus the app isn't available in App Gallery,1,2023-07-19 09:48:32,Negative
Google Play,The app is good but I'll give it 3 stars why because every time I scroll it glitches and stops working so please try to make it better for low devices,3,2023-07-06 13:27:55,Positive
Google Play,Super app and instagram is very very good what will be very good threads now and there is no better app than this i do it a lot thank you Instagram ❤️☄️🎶🎧💌🌍🤞🏻,5,2023-07-06 20:51:27,Positive
Google Play,Better than Twitter in different ways,3,2023-07-11 11:35:52,Positive
Google Play,error when load then home. its stacking,1,2023-07-06 15:19:17,Negative
Google Play,Smooth,5,2023-07-06 16:53:57,Positive
Google Play,the app shows us posts from people we don't follow this is so st*upid,2,2023-07-06 17:41:44,Negative
Google Play,Bad app this not downloading the app couldn't account not deleted 😔,1,2023-07-09 14:19:30,Negative
Google Play,good Experance,5,2023-07-07 16:18:33,Positive
App Store,This is just invasive. Don’t download.,1,2023-07-16 19:24:08,Negative
Google Play,My experience is good,5,2023-07-08 01:48:06,Positive
Google Play,It's like copy of Twitter... Which also didn't in better way.,1,2023-07-06 01:14:42,Negative
Google Play,Ahmadul Arabi general merchandise 104 Bayan banki jos The strong person is not the one who can wrestle someone else down.,5,2023-07-06 17:30:11,Positive
Google Play,"A hundred failed threads per bolt because the people using them felt like they were thrown into a dry desert, the man who owns meta is the most ignorant man in the world because he didn't ask himself what is the purpose of threads. threads will go where google + went",1,2023-07-20 14:19:38,Negative
Google Play,Harder than twitter 😂🔥🔥,5,2023-07-08 16:43:19,Positive
App Store,this app is amazing and i am just addicted to it,5,2023-07-07 01:17:11,Positive
Google Play,glitches so much,1,2023-07-08 05:03:51,Negative
Google Play,Threads is the best social media ever. love it so much. hopefully they'll be lite version for threads,5,2023-07-09 03:50:49,Positive
Google Play,It's great except I can't watch videos with audio. If I click unmute the video stops playing. Finding support is impossible.,3,2023-07-24 15:41:29,Neutral
App Store,Greatest thing since sliced bread,5,2023-07-08 23:49:24,Negative
Google Play,the app is glitching so badd!! i can't use it properly :/,1,2023-07-08 14:21:31,Negative
Google Play,Sasta Twitter?,3,2023-07-06 05:13:38,Negative
Google Play,Lol why,1,2023-07-08 21:39:11,Negative
Google Play,"Twitter sucks, but this is somehow even more of a tasteless hellscape.",1,2023-07-16 12:13:04,Negative
Google Play,"this app is glitching, i don't know what happened but this app is not working. im trying to use it but it is always glitched. kindly please fix this.",1,2023-07-06 13:41:09,Negative
Google Play,This is a best app,5,2023-07-12 04:14:34,Positive
Google Play,Twitter killer ? No but better than twitter,4,2023-07-06 05:39:39,Positive
Google Play,It's just Twitter.,5,2023-07-08 08:21:19,Negative
Google Play,They won't let you delete your account. The only way to do that is to delete your Instagram account.,1,2023-07-06 21:38:05,Negative
Google Play,"First and foremost, the user interface of Threads is beautifully designed and user-friendly. Navigating through the app is a breeze, with intuitive controls and a clean layout that makes it easy to find what you're looking for. The app's attention to detail in terms of aesthetics is commendable, and it truly enhances the overall user experience",5,2023-07-09 18:35:21,Positive
Google Play,it is Cool!Nice,4,2023-07-11 02:05:30,Positive
Google Play,A very good social site,5,2023-07-11 17:44:01,Positive
Google Play,"Best app ever, what an amazing",5,2023-07-06 21:50:57,Positive
Google Play,Basically Facebook with a different UI. Let's see how long til bots take over this one too.,1,2023-07-11 10:12:59,Negative
Google Play,Just another platform for the famous and rich to speak and the rest of the world to be a ghost. If you're not a verified user with a built-in base no one will ever see a word you say.,1,2023-07-09 03:42:09,Positive
Google Play,"So far so good, just one quick question, in months to come will this app offer useful tool to people looking to be content creators influencers etc ?",5,2023-07-07 07:59:18,Positive
Google Play,must add some switch accounts features so its getting good.,5,2023-07-09 10:46:44,Positive
Google Play,The app is good and is working perfectly but I didn't gave 5 stars because zuck copied from Twitter 💀,4,2023-07-09 01:53:25,Negative
Google Play,Very good experience ❤️❤️,5,2023-07-07 15:53:27,Positive
Google Play,Its same as twitter whays is the diffrence,1,2023-07-08 06:24:22,Positive
Google Play,Not sure but maybe after. 5 years he will be the biggest app like Twitter,2,2023-07-06 07:57:00,Positive
Google Play,It's very Interesting.,5,2023-07-06 04:38:51,Negative
Google Play,"It has been a very successful application, it has a few shortcomings, but I think they will be completed. I loved",5,2023-07-06 11:14:44,Positive
Google Play,"App is crashing, can't post or comment on anything.",1,2023-07-08 14:42:14,Negative
Google Play,Copy of Twitter 😁,1,2023-07-06 11:49:07,Negative
Google Play,Good app,5,2023-07-16 14:28:37,Positive
Google Play,Twitter is that you ???,1,2023-07-09 18:30:34,Positive
Google Play,Keeps crashing. Myspace would never do this to me.,2,2023-07-11 01:02:19,Negative
Google Play,Carbon copy of Twitter.,1,2023-07-07 16:09:44,Negative
App Store,It’s fine but I’m not interested until I can see a timeline of only people I chose to follow.,2,2023-07-06 11:01:03,Negative
Google Play,this thing is laggy asf I cant even use it,2,2023-07-07 00:35:06,Negative
Google Play,"So, immediate problems: The way to choose files is unsortable and awful. Writing replies to ANY post is frustrating because the keyboard will cover it. Curating your feed is difficult at best and impossible at worst, since at first it only shows verified account's posts— except you literally can't search for topics you enjoy to interact with those and curate your algorithm. I really hope it gets better.",2,2023-07-07 03:17:50,Negative
Google Play,Am i the first one to add review?? 😎 All the best,4,2023-07-06 14:53:47,Positive
Google Play,Good app,1,2023-07-06 13:49:47,Positive
Google Play,Yah it's fine app easy to use but not fun I find it boring and not really good I feel it's really early to judge it after some time it will be fun,1,2023-07-14 09:46:18,Positive
App Store,It has potential but they didnt fix what the issue was with twitter. You still can not edit a post after it has been shared. You also see a bunch of posts of accounts you are not following. Which defeats the purpose of trying to control the feed with things you chose.,3,2023-07-07 15:11:24,Neutral
App Store,"I downloaded this app to compare it to Twitter. I don’t have Instagram and therefore couldn’t sign in. Currently doesn’t support Apple accounts which has been around for a very long time. 

I’ll edit my review as soon as they allow for account creation via Apple.",1,2023-07-06 13:21:11,Negative
Google Play,Good app,5,2023-07-06 06:08:38,Positive
Google Play,Nice app from Instagram,5,2023-07-09 00:36:24,Positive
Google Play,Worst app ever👎🏻,1,2023-07-11 13:34:59,Negative
Google Play,PAGE UNAVAILABLEEE,1,2023-07-15 21:26:49,Positive
Google Play,Better than Twitter 🤩🤩🤩🤩🤩🤩🤩🤩,5,2023-07-06 05:30:56,Positive
Google Play,Better User experience than Twitter,5,2023-07-06 06:17:58,Positive
Google Play,Twitter's copy 🤡,1,2023-07-06 22:36:52,Negative
Google Play,Threads team Add photo and video download option and add save post option also Upcoming update Thank you 😊,4,2023-07-13 06:42:15,Neutral
Google Play,"I love it,very smooth app",5,2023-07-06 21:53:57,Positive
Google Play,This thread profile was Tamil language letter கு ✨,5,2023-07-06 15:07:19,Negative
Google Play,I hope the thread can be automatically translated. I found it slightly difficult that i need to translate the thread using different app,4,2023-07-06 09:21:04,Positive
Google Play,Mind blowing,5,2023-07-08 03:54:31,Positive
Google Play,My thread application keeps bugging everytime I opened it,2,2023-07-06 00:57:24,Negative
Google Play,I need Blue 🔵 Mark,5,2023-07-07 13:53:55,Positive
Google Play,"Horrible app, mark need to jump off a bridge",1,2023-07-09 11:20:36,Positive
Google Play,Such a great app!,5,2023-07-06 15:30:01,Positive
Google Play,"Get log out and app crash when trying to post something, on mobile device",2,2023-07-17 12:06:38,Negative
App Store,im excited for threads woohoo twitter but good! when i try to reply or post though the app crashes,3,2023-07-05 23:38:50,Negative
Google Play,"Great but needs a trending tab, and a sfw feature. It is not sfw.",3,2023-07-21 11:19:12,Positive
App Store,Trying to use the app on my iPad and it gives log in error,5,2023-07-06 16:48:47,Negative
Google Play,"Overall positive, just needs a private messaging feature.",4,2023-07-06 16:29:28,Neutral
Google Play,Great apps,5,2023-07-06 21:57:35,Positive
Google Play,Chigh bahiya hai raptchic chigh hai,5,2023-07-07 05:34:20,Positive
Google Play,The app needs more work. It constantly fails to upload upload and barely shows most of my posts and comments.,1,2023-07-19 10:31:21,Neutral
Google Play,I like the app,2,2023-07-23 08:33:36,Positive
Google Play,It's a copy. Should have its own interface and features . Something new should have been introduced!,1,2023-07-08 02:37:00,Neutral
Google Play,Zuck making a new app so I don’t get any girl here too. Sobs!🙂,3,2023-07-08 05:33:49,Negative
App Store,Good app,5,2023-07-12 05:47:21,Positive
Google Play,after downloading this app your messenger can experience error sending pictures and also instagram,2,2023-07-07 12:01:18,Negative
Google Play,Awesome option this is. Everyone like it. Just awesome. And thank you for this option or App 🤗,1,2023-07-06 05:35:11,Positive
Google Play,Good thing that Facebook and Instagram were mixed like Twitter,5,2023-07-09 00:16:04,Negative
Google Play,"Its not stable,its double of everything😭😭😭",1,2023-07-07 07:58:34,Negative
Google Play,This app is a joke and stands nowhere near twitter. It looks like a microblogging version of instagram which I hate. I'd better stick with twitter.,1,2023-07-09 09:07:34,Negative
Google Play,Nothing but a cheap copy of Twitter...,1,2023-07-08 08:04:57,Negative
Google Play,"Bad experience!!! App saying ""Thread keep stopping"" Pls provide me email id so that i can send screenshot",1,2023-07-07 00:19:10,Positive
Google Play,Sasta Twitter but acha Twitter🗿,4,2023-07-07 02:28:26,Negative
Google Play,Batter than Twitter,5,2023-07-06 04:32:38,Positive
Google Play,Very satisfied with this program. Add an edit post option and daily story .,5,2023-07-08 03:22:38,Neutral
Google Play,Is it good ? 🤥,5,2023-07-07 08:52:17,Positive
Google Play,Good application,5,2023-07-07 19:02:21,Positive
Google Play,Twitter copy and pasted. Don't need another app. I am fine with Twitter.,1,2023-07-08 19:58:41,Negative
Google Play,It is lagging and glitching too much ... I am not able to use it.. So frustrating,1,2023-07-10 03:23:12,Negative
App Store,"Ever since I downloaded threads, both my Instagram & threads app keep logging me out and I have to log back in. I noticed this would happen when I would try to use 3rd party apps to analyze my stats but now it’s happening multiple times a day and I’m not even using those apps, it’s literally just me using Threads. Please advise",2,2023-07-07 20:41:25,Negative
App Store,"No chronological feed, a feed that shows you a bunch of random garbage and not things that you follow. Hard pass",1,2023-07-07 16:40:42,Negative
Google Play,So far very good experience.,4,2023-07-06 10:32:26,Positive
Google Play,The app keeps glitching. I literally cannot even scroll,1,2023-07-07 12:08:53,Negative
Google Play,Very bad,1,2023-07-06 19:24:46,Negative
Google Play,This app needs more development from its features,4,2023-07-06 16:48:18,Positive
Google Play,Guigh,5,2023-07-23 14:04:51,Negative
Google Play,Refreshing,4,2023-07-06 09:18:05,Negative
Google Play,Its not useful to spend time better one is twiter👍,1,2023-07-13 08:18:25,Positive
Google Play,"I see the HUGE potential in this App. Possible areas of improvement: 1. Hashtags? Easier to follow stuff. 2. Sync to Insta account. What I mean is that if I want to post something on Insta, it can automatically post the same thing on Threads (like the insta/Facebook sync) 3. Desktop version. I post some of my insta things from my laptop. PLEASE do the same for Threads. ""Moving to Threads cause Twitter is dead.""",4,2023-07-06 22:36:33,Negative
Google Play,Quite new app. Have some issues but overall amazing. I'm giving 3 for now. But I'm sure in future they will improve the features so we will give 5 stars.,3,2023-07-22 11:01:28,Positive
App Store,"I can't believe the company behind Meta Quest is making a better app than Musk's Twitter, and it's less toxic than Twitter

Am I dreaming? Is this heaven?",5,2023-07-12 14:56:46,Positive
Google Play,"Crashes every time I try and leave a comment, so frustrating to use",1,2023-07-13 13:45:55,Negative
App Store,"It’s awesome to see an app like Threads growing from the very beginning. It still needs some key features that we are used to at this point, but it feels welcoming and user friendly.",5,2023-07-06 05:12:18,Positive
Google Play,"Well, for a new app it's good. Just a few updates and it'll be an awesome alternative to Twitter.",4,2023-07-06 10:42:25,Positive
Google Play,Everything is breaking. I am not able to use it.,1,2023-07-07 09:41:57,Positive
Google Play,First thing .... I lovveeee it,5,2023-07-06 00:24:20,Negative
App Store,It should allow users to delete the account.,2,2023-07-06 07:19:07,Negative
Google Play,I love this app but the fact is that it can't message u only repost or rethread to interact 😭😭🥱 let there be message box like Instagram,4,2023-07-07 20:02:04,Positive
Google Play,Videos are not taking full width,4,2023-07-06 16:54:01,Negative
Google Play,"Very poor. My feed is full of rubbish, not from the people I follow. I can't even turn the dross off in the settings. No chance of replacing Twitter in this state 🥱",1,2023-07-09 18:28:04,Negative
Google Play,I have had to report a system failure three separate times and I haven't received any response. I have also noticed that comments on my threads have been reported but I'm not the one that has reported them. Either I've already been hacked (it's only been about a week) or there's a lot of glitches that need to be fixed but either way I'm really frustrated with the fact that nobody has gotten back to me or even attempted to fix my problem.,2,2023-07-18 20:31:18,Negative
Google Play,"Can't search anything that i want to see just getting random posts of random blue tick people on my home page, give me what i want to see not what you want to show me. And every next post is about twitter vs threads looks like this app was not made for entertainment it was made to war with twitter",1,2023-07-08 07:54:43,Negative
Google Play,"Good, Hopefully it will be better than twitter but hashtag system should be included",5,2023-07-06 19:38:40,Positive
Google Play,Helping families shop & buy from the factory store.,5,2023-07-09 18:20:42,Negative
Google Play,New challenge to market your business. This will show your business to the 🌎,5,2023-07-06 00:20:23,Positive
Google Play,Good experience ☺️,5,2023-07-07 03:35:10,Positive
Google Play,"Please add ""confirm all"" button for follower request. Thanks",4,2023-07-07 06:01:59,Positive
Google Play,"Good first draft. It runs smooth and I am sure they will be adding functionality. I don't think they expected so many downloads right away but yet it doesn't crash. They seem to have only rolled out what has been well tested. Also, it's not filled with weird vaguely eugenicist posts by the billionaire owner, so that is cool.",5,2023-07-10 04:31:16,Positive
Google Play,Not Bad,3,2023-07-17 12:39:28,Negative
App Store,"The app doesn't even work. Every time I go to make a post it kicks me out. Same as when I comment. When I open my app I see the posts from people I follow but as soon as I refresh I see posts from people I don't follow. You should make sure the app works before you release it but hey I'm not an app developer, I don't know how it work.",3,2023-07-09 05:08:04,Negative
Google Play,It's a nice app,5,2023-07-06 08:00:16,Positive
Google Play,Very bad experience when I was login this thread it was not loginingmy email id,1,2023-07-12 12:55:17,Negative
App Store,Thank you for listening to the users. It was fraustrating to use the app while it constantly kept crashing whenever I tried to post or comment.,4,2023-07-13 13:09:22,Negative
Google Play,Good app,5,2023-07-21 15:39:34,Positive
Google Play,No trending option in threads,1,2023-07-06 10:20:50,Positive
Google Play,Almost identical to but even worse than Instagram if that's possible. Still can't comment pics. Who developes a social media app without pictures? A fkn lizard! That's who!,1,2023-07-19 01:10:55,Negative
Google Play,Nice App....!!,2,2023-07-06 18:28:35,Positive
Google Play,Basically twitter,3,2023-07-06 00:53:18,Positive
Google Play,Elon Musk chora,5,2023-07-05 23:45:52,Positive
Google Play,Needs content search and #️⃣ support,4,2023-07-06 01:41:53,Negative
Google Play,"alternative for twitter thats it their is no much new feature to attract the audience infact twitter is the best to develop you , this theards meant for time pass conversations",1,2023-07-06 01:58:30,Positive
Google Play,"If we could get trends, and video shouldn't play by it self then I'm ok.",4,2023-07-07 05:58:48,Neutral
Google Play,"Everything been going on well since day one till yesterday it stated telling me that, they restrictly certain activity to protect the community and it says I try again later,what could be the reason please help me( my handle is Sun bae -256.",2,2023-07-12 18:33:28,Positive
App Store,Twitter can go eat a d*** so here’s to hoping this works 🤞🤞🤞,5,2023-07-07 18:39:19,Negative
Google Play,"I'm not able to download this app , and idk why it's happening, please help me out !!",1,2023-07-07 07:01:15,Negative
Google Play,Requires Instagram account. A new creepy way for Zuck and crew to harvest/sell your data.,1,2023-07-06 20:18:05,Negative
Google Play,Very good app,5,2023-07-07 04:09:27,Positive
Google Play,Definitely better than Twitter 😀,5,2023-07-08 02:57:14,Positive
Google Play,Add a function to migrate instagram followers to Threads!!,3,2023-07-06 03:01:07,Negative
Google Play,Twitter copy,4,2023-07-07 17:59:28,Negative
Google Play,Copied.,1,2023-07-24 17:46:55,Negative
Google Play,Crashes on startup!,1,2023-07-06 20:08:42,Neutral
Google Play,Twitter vs thread,5,2023-07-07 19:34:13,Positive
Google Play,Collects way too much data,1,2023-07-10 10:00:01,Negative
Google Play,This will distroy Twitter.,5,2023-07-06 20:36:40,Positive
App Store,My battery life on my iPhone after installing this app has reduced a lot. Looking at all the things this apps request for permission is ridiculous also. We really should demand more from Facebook especially when this single app will cause your battery to drain faster. Uninstalled because of battery drain issues!,1,2023-07-11 01:03:13,Negative
Google Play,Great app very good app,5,2023-07-22 16:17:25,Positive
Google Play,"This is cool, could we save photos to gallery tho 🙇‍♀️🙇‍♀️",4,2023-07-06 01:41:34,Positive
Google Play,Great,5,2023-07-18 08:13:22,Positive
Google Play,Very trash app twitter is 1000X better get free speech then we can talk,1,2023-07-09 20:59:42,Negative
Google Play,"Yes, because, the blots on humanity Twitter, Facebook, IG, TIkTok weren't enough. We were clearly in need of another nuisance of a text based social app, from a cancer of company called Meta.",1,2023-07-22 06:24:49,Negative
Google Play,3rd class threads app...... Twitter best,1,2023-07-08 19:19:33,Positive
Google Play,Just love threads @,5,2023-07-07 06:29:54,Positive
Google Play,Amateurish copycats,1,2023-07-14 07:01:29,Negative
Google Play,"Update: i tried to reinstall the app to find that they changed the system and prevent us from sign up with email and that we have to use the Instagram account !!! If i want to make account aside from insta why forceing me to not to do it ? I tried to sign up but in the last step when you have to agree to the policy i tap agree but my process end their, everything was good till this step , agree just start reload than nothing happened and than tap again and the same",1,2023-07-06 13:09:21,Positive
Google Play,The only issue I have is there's no follows tab so the feed is cluttered I don't want me feed full of celebrities I don't care about,4,2023-07-06 17:22:23,Negative
Google Play,Indo first komen coyy,5,2023-07-06 07:03:29,Negative
Google Play,The app is taking too much time to get installed. Loosing the hype somewhere,3,2023-07-08 06:11:00,Negative
Google Play,So far so good the app has been fun and great but now it keeps on crashing and my phone reports it has a bug,2,2023-07-07 11:14:33,Neutral
Google Play,"It's literally Twitter, but from Meta. So you already know your data is not safe and there is no free speech.",1,2023-07-19 04:29:59,Negative
Google Play,Interesting interface,5,2023-07-06 11:04:53,Negative
Google Play,UI looks interesting. Missing #trends option.,5,2023-07-06 11:02:59,Positive
App Store,As predicted. This app is full of censorship and it lacks freedom of speech. Now that I have signed up using my Instagram account I can’t delete my account without deleting my Instagram account therefore deleting all my pictures and comments and then the app will do for now.,1,2023-07-09 14:52:58,Negative
Google Play,"Chronological, please!",4,2023-07-06 02:52:51,Negative
Google Play,Trash Trash Trash!!! Let us delete this app! Holding us hostage by linking it to our Instagram page.,1,2023-07-11 10:14:48,Negative
Google Play,dis app is good but for those that have old phone versions should be considered. try making this app for all phone users whether old or new then i will give a 5 star review,1,2023-07-08 01:05:59,Negative
Google Play,The app is great but it keep stopping everytime I attach a picture to the thread.,3,2023-07-10 19:45:38,Negative
Google Play,Where are the notifications? The app doesn't have ability to notify you when an account publishes a new thread. Pretty good and fun app otherwise,4,2023-07-18 22:47:53,Positive
Google Play,"Bland app design, nothing new to do with the app. Ctrl c, Ctrl v for no reason at all.",1,2023-07-13 22:53:28,Negative
Google Play,"I'm open app it's shake, i can't roll up and down",1,2023-07-06 06:47:38,Negative
Google Play,Good morning,5,2023-07-06 13:30:25,Positive
Google Play,"This is an app that doesn't allow you to delete its account without deleting the IG account. Boring as hell. It's Just a clone of Twitter. However, Twitter is much better, i believe. Wish I could give '0' star!!! Happily deactivated and uninstalled it forever...",1,2023-07-08 07:46:17,Negative
Google Play,Cool,5,2023-07-06 01:24:48,Positive
Google Play,"4stars because I can't save images. Otherwise, great app",4,2023-07-06 11:51:48,Positive
Google Play,This is basically Twitter with Instagram theme. The set up was too smooth. Edit: I will suggest that trending topics should be visible when users click on the search section,5,2023-07-06 13:29:24,Positive
Google Play,Perfect,5,2023-07-09 18:02:04,Negative
Google Play,"Very poor experience. Very chaotic timeline, sosososo worse than twitter 0.5 out of 10",1,2023-07-06 03:58:30,Negative
Google Play,Poorly launched,1,2023-07-22 08:45:56,Negative
Google Play,Downloaded it yesterday. New app. Good experience.,4,2023-07-06 20:37:44,Positive
Google Play,Very great app its much cleaner than insta in terms of design,5,2023-07-06 18:53:08,Positive
Google Play,Osm quality but hashtag options not showing..,4,2023-07-08 11:42:31,Negative
Google Play,I am first user Threads app. My reviews are only public .,5,2023-07-06 01:37:52,Positive
App Store,"app is brand new and exciting, but leaves some MUCH desired & essential features such as:

a follow back button
2 separate following & “explore” feeds 
able to search posts, in addition to users",2,2023-07-06 20:46:24,Neutral
Google Play,Love it...,5,2023-07-07 03:12:47,Positive
Google Play,"I downloaded the application and logged in, but it does not work when using it, strange things occur on the screen",1,2023-07-07 13:59:50,Negative
App Store,It will automatically exit the program,3,2023-07-24 14:31:51,Negative
Google Play,Great alternative to Twitter,5,2023-07-06 01:10:10,Positive
Google Play,"So far, so good. It's still in the early stages, and more features are being created as it's used, but so far, the experience has been great, and the community is supportive, positive, and helpful. There seems to be a concerted effort on the new users to block disinformation, hate speech, racism, and focus on sharing facts and real news.",5,2023-07-24 11:14:06,Positive
Google Play,Very Bad and Boring 😂,1,2023-07-09 21:29:31,Negative
Google Play,Trend micro mobile security unsafe app find,1,2023-07-24 11:09:39,Positive
Google Play,"I like it right now, it's fun and I love seeing the reactions. I also like how they're numbers on your Instagram account telling you what number you are when you joined the account. Overall a 10/10 thought obviously as time passes my opinion will change. EDIT: i still like this and people need to give it a chance, as it has been only 2 days since the app came out.",5,2023-07-07 00:18:35,Positive
Google Play,I have been waiting for this from Facebook for a long time. I like it. It is very simple. Relatively easy to use.,5,2023-07-06 17:29:47,Negative
App Store,That’s all,5,2023-07-06 17:27:06,Negative
Google Play,"please add polls/edit text, also improve the algorithm, i followed many people but i still get so many random threads that don't match my interest or anything from random people",4,2023-07-10 06:11:14,Neutral
Google Play,"Verry good app , but lounch new features like trading section",5,2023-07-07 01:38:33,Positive
App Store,Love it so far,5,2023-07-07 02:46:34,Positive
Google Play,I made a threads account but just abandoned it with a factor reset,1,2023-07-24 04:26:14,Negative
Google Play,If only you can save the picture from Thread it will be perfect!,3,2023-07-07 05:05:49,Negative
Google Play,"The timeline is chaotic. There should be a way for individuals to control/choose what they wanna see and who they wanna read. Also, there should be a way to turn off automatic media (video) play. Other than these, the app is going to be an amazing one.",3,2023-07-06 20:05:43,Negative
Google Play,"Why does this app need so many permissions? I permanently deleted Facebook from my phone because somebody told me that I was online, but i did not open the app that day. Why would this app need biometrics and reroute phone calls and reorder running apps and see your health fitness and what other apps you have and activities you're doing and all of that?? Never going to use a meta app again",1,2023-07-10 00:15:51,Negative
Google Play,Horrible app Never use this features... One person controlling the world media is dangerous,1,2023-07-08 10:37:24,Positive
Google Play,"plz add a change between accounts feature because when i try to log in and out of accounts, the app crashes and has to be uninstalled and reinstalled",4,2023-07-07 07:52:35,Negative
Google Play,I will happily download anything that could help Musk fail. 🤷🏼,5,2023-07-09 23:48:01,Negative
App Store,"It’s would be nice to see just some adjustments such as if you want to repost something , it could be called “rethreading” and also on your own profile shows how many threads you have on your account. Also would be nice to get a section on the app with hashtags to certain topics of interest for examples #cars #fashion  exc.",5,2023-07-08 03:14:02,Positive
Google Play,Omg this social media is so amazing and fast. I love this app because i can see information and news Media faster than other,5,2023-07-07 14:41:11,Positive
Google Play,It crashes all time,1,2023-07-08 07:44:28,Negative
Google Play,"Terrible app. Doesn't let you delete, and doesn't let you hide the badge on Instagram either. What a cheap trick.",1,2023-07-11 20:30:46,Negative
Google Play,Good for nothing,3,2023-07-06 05:54:55,Positive
Google Play,"it was good at first but as long as you use it often, it suspends both your Instagram and threads account",1,2023-07-12 05:39:59,Negative
Google Play,Nice app like Instagram👌🏻👌🏻...This app will be become a nice social app.,5,2023-07-06 06:45:55,Positive
Google Play,"Ok so be aware that if you want to delete your threads profile anytime, u will have to delete your Instagram account. You can only deactivate it or delete your Instagram account if you want to leave threads.",1,2023-07-08 03:09:11,Negative
Google Play,Very useful and convenient app in the world,4,2023-07-06 10:09:33,Positive
App Store,"Hi! When i try to log in to my account; it doesn’t open and tell me i’m Community banned and it is limited so i should try it later. How can i open this when it’s trended right now ?! It’s Horrible interpretation of Twitter made by Mark, honestly i can’t stand it when it doesn’t open. I don’t recommend this 👎🏻",1,2023-07-06 10:32:15,Negative
Google Play,far far better than Twitter,5,2023-07-07 15:12:13,Positive
App Store,"Hello, 

I love Thread and as someone who waited a long Time for a new platform so I can build my brand, I’m really excited about Thread.  The only thing the Developers need to work on is to bring back the  Badge. I unknowingly remove my Bring from my Instagram page now I can’t bring it back and I really need it because I’m ready to build a new space for myself. 
Aside that I think it’s going to be a really great platform.",3,2023-07-09 20:56:44,Positive
Google Play,The program does not want to be downloaded 😭,1,2023-07-10 12:19:31,Neutral
Google Play,Very cool. Make it easier to see accounts that don't follow back.,4,2023-07-08 10:55:47,Positive
Google Play,Why won't the developers allows us to send gif images like they do for iPhone users?,3,2023-07-08 12:22:56,Neutral
Google Play,"Without a proper search function I don't see why this would even claim to contend with Twitter. It took me 10 minutes to lose interest. Might be useful for following friends and idols, but then why another app. Meta has a bunch of them.",2,2023-07-08 19:15:44,Negative
Google Play,Similar to Twitter,4,2023-07-06 08:14:31,Positive
Google Play,It is meaningless app,1,2023-07-10 09:24:42,Negative
Google Play,Not a good app,1,2023-07-11 07:19:25,Positive
Google Play,Please support me 🥺,5,2023-07-09 07:48:27,Negative
App Store,"So far, so good! There’s tons of engagement, and everyone is excited. Glad to see so much fresh content, in a space that will undoubtedly pass its competitors in a short amount of time.",5,2023-07-06 16:32:10,Positive
Google Play,Nice app......,1,2023-07-07 10:34:37,Positive
Google Play,Very nice to see.,5,2023-07-07 03:08:38,Positive
Google Play,We need the dark mode,5,2023-07-08 07:51:57,Positive
Google Play,"Awesome interface, SMOOTH& SIMPLE",5,2023-07-06 08:24:51,Positive
Google Play,@honey_ferozpuria,5,2023-07-06 07:29:00,Negative
Google Play,"excellent app,i hope this doesnt like twitter",5,2023-07-06 04:36:04,Positive
Google Play,Bere nayes appo,5,2023-07-07 10:21:53,Negative
App Store,"99% of my feed is from people I’m not following. They force a lot of big celebrities and companies on us which I’m not a fan of.  There’s no news / trending section which they’ve already explained that they do not intend to add due to the nature of politics and news. They want to keep a positive vibe and they feel that those topics are too heated. Sure this makes it a more pleasant place but I do not believe people should be sheltered from the harsh realities of our world just to avoid arguments. 

There needs to be a dark mode. I have photosensitivity and looking and a bright white screen hurts my eyes. 

I was hopeful that this would replace Twitter because Elon Musk is horrible. Unfortunately the hollow Instagram illusion is what they’re set on maintaining and I do not feel it is right for this type of social media.",2,2023-07-08 03:12:46,Negative
Google Play,Wanna be the 1st few to give 1 rating 🤝💪,1,2023-07-06 07:26:04,Negative
App Store,Look at that INSANE amount of personal data they collect on you. You’d be nuts to use this at all. Use Nostr.,1,2023-07-06 17:52:21,Negative
Google Play,"I like the app, but please please don't add the messaging feature the link to IG is enough 🙂",4,2023-07-07 07:25:09,Positive
Google Play,A cheap copy of Twitter that censors a lot,1,2023-07-06 09:13:31,Negative
Google Play,New lunch threads app Instagram brother sem,5,2023-07-06 10:46:50,Negative
Google Play,"Idk why I rate this 5 ,.... Even I don't use this app but they were just showing rate the rate it's was annoying so rate them ..",5,2023-07-06 15:19:28,Negative
Google Play,How can we can login in thread apk bye fb account .,1,2023-07-08 10:28:16,Negative
Google Play,"Title: A Game-Changer for Social Engagement - Instagram Thread App Review Rating: ⭐️⭐️⭐️⭐️⭐️ (5/5) Review: Instagram Thread has undoubtedly transformed the way we connect and engage with others on social media. As an avid Instagram user, I am thrilled to share my experience with this remarkable new app. Instagram Thread takes the concept of storytelling to a whole new level, allowing users to dive deeper into conversations and share their thoughts in a more meaningful and organized way.",1,2023-07-18 20:28:45,Positive
App Store,"I can’t imagine this app is very popular, if they don’t have a focused tab on the threads to only show threads from people you follow. I don’t need random threads from people I don’t care about on my feed.",1,2023-07-07 01:03:21,Negative
Google Play,You should add more features like othe apps And your app is nice for writing quotes 😊,3,2023-07-24 08:39:43,Positive
Google Play,"They censorship is topnotch, I want to feel free and express myself so I will stick with twitter💯💯",1,2023-07-06 22:47:04,Negative
Google Play,At first I am not familiar with this. But when I installed it and started using I get more followers and like in my post and reels. It's really interesting. Thanks Instagram 🙂,5,2023-07-06 14:09:14,Negative
Google Play,Not a good app. Twitter is better as it gives news first.,1,2023-07-07 15:27:39,Positive
Google Play,Awesome Easy to use Love this app,5,2023-07-07 17:16:37,Positive
Google Play,"Following features is useless! I still saw something that I dont wanna see. Should I block every random post? Feels like spam to me. Your algoritm sucks kinda IG and FB. Adopt by twitter, add features between following and recomendation! So You can add ADS on recomendation features!",3,2023-07-10 22:29:45,Neutral
Google Play,Instagram Threads 👍👌🧡🤍💚 😎A.M.K...,2,2023-07-06 17:00:59,Negative
Google Play,Grow with technology Do Positive Chnages .,5,2023-07-06 19:41:44,Negative
App Store,You copy it from twitter and one app left,3,2023-07-09 01:52:37,Negative
Google Play,"Please I can't go dark mode in the app even though I use dark mode on Instagram, hope you fix this.(android user) Also put pinned post and photo section to desiminate things",2,2023-07-07 14:58:30,Neutral
Google Play,Easy to use,5,2023-07-07 01:50:57,Positive
Google Play,Need some improvements and specially Dark Mode,4,2023-07-07 05:38:19,Positive
Google Play,"Guys, this app keeps glitching, META fix this ASAP, cuz the app has great potential and an amazing UI, so please work on it.",1,2023-07-07 00:12:55,Positive
Google Play,Elon sends his regards,1,2023-07-07 19:05:18,Positive
Google Play,I love it ❤️,5,2023-07-07 06:02:46,Positive
Google Play,It’s copy for twitter,1,2023-07-07 13:34:33,Negative
Google Play,Syber War with Mark Zuckerberg and Elon Musk 😂 Twitter v/s Threads 🤣 Let's see who won the game 😂😂 জয় বাংলা!,1,2023-07-06 04:39:42,Positive
Google Play,Very nice app,5,2023-07-07 09:26:52,Positive
Google Play,Good Performance For this app,5,2023-07-06 10:56:31,Positive
Google Play,Can't even got the code,1,2023-07-15 05:08:15,Negative
Google Play,"I'm not a Twitter fan, but this one is Not even close to twitter 😒😶",1,2023-07-13 15:28:25,Positive
Google Play,"I totally hate this app, this app censor every single thing you say. Hello I am so going back to Twitter I have a voice and Zuckerberg you can keep your censored app. Read all the t's & c's people. WAKE THE HELL UP PEOPLE!!",1,2023-07-13 20:47:32,Negative
Google Play,"I love this thread app, Instagram♥️♥️",3,2023-07-08 13:28:57,Positive
Google Play,This app buffering,1,2023-07-08 07:34:22,Negative
Google Play,I don't know about this app but hope so its good like twitter or insta,5,2023-07-06 16:17:30,Positive
Google Play,Its a very cheap app dark mode are not supported 😒,1,2023-07-12 07:58:42,Neutral
Google Play,Nothing new,1,2023-07-12 15:10:42,Positive
Google Play,Twitter is the best,1,2023-07-08 04:26:09,Positive
App Store,"Not a fan right now. It’s basically instagrams version of Twitter, but you see everyone’s “tweets” and not the ones you want to see. I wish you could just have a “Following” option where you only see the tweets from the people you follow. I don't want to see all the “blue checkmark” tweets that mean nothing to me.",2,2023-07-08 15:17:03,Negative
Google Play,Keeps on crashing whenever I attached photo.,3,2023-07-06 13:07:29,Negative
Google Play,"Just new face behind other! 1 . Its just a new look behind insta . 2. All apps r attached to each other, fb and insta . 3. Probaby security and reporting system would be same and i am already blocked on fb and getting threats to lose my insta . So it will also be more like threats than threads. 4 . U cannot log in through google. And it cause u to make a new profile, after making it, it says passwore incorrect or user not found. 5. Alot more needs to develop. I cannot restore my fb accoun.",2,2023-07-18 09:50:48,Negative
App Store,Why does the thread app keeps suspending my account.,1,2023-07-15 12:07:23,Negative
Google Play,This app > Twitter,5,2023-07-06 22:30:11,Positive
Google Play,I just downloaded this to say I'm not using this. People need to realize Zuckerberg's companies have violated many ethical standards.,1,2023-07-11 19:41:16,Negative
Google Play,It's cool 😎,5,2023-07-06 18:12:33,Positive
Google Play,This is illegal. This is identity theft! Don't download! (TREMENDOUS SCAMS),1,2023-07-06 18:00:59,Negative
Google Play,"Good app better than paid Twitter, should be recommended for all Instagram users since it has same UI as of insta 5/5 app ui 4/5 search system 4/5 recommendation 5/5 user experience",5,2023-07-06 17:22:56,Positive
App Store,I am connecting with friends more! Now if only there was a GIF button 👀,5,2023-07-06 02:48:35,Positive
Google Play,It's way better than twitter cause it's easy to go when you're in IG,5,2023-07-08 02:29:08,Positive
Google Play,Searching betterhalf on threads 😂😂😆,5,2023-07-06 08:51:17,Positive
Google Play,Just useless Twitter is far more interesting,1,2023-07-07 12:16:34,Negative
Google Play,My threads was so hanging,2,2023-07-10 06:25:55,Positive
Google Play,Boring,1,2023-07-10 15:06:58,Negative
Google Play,Most awesome app.love the user interface,5,2023-07-06 14:18:07,Positive
Google Play,Good Experience,5,2023-07-07 17:27:03,Positive
Google Play,Beast app,5,2023-07-12 11:31:23,Negative
Google Play,For copying Twitter!!,1,2023-07-11 14:19:19,Positive
Google Play,Looks similar to Twitter but has some great experience than Twitter in some views,5,2023-07-06 14:27:15,Positive
Google Play,Very good app for writing our memes and quotes ✌️💙,5,2023-07-07 07:50:46,Positive
Google Play,Nice app with excellent UI 💖,5,2023-07-06 13:35:13,Positive
Google Play,Nic threads,5,2023-07-14 18:44:54,Positive
Google Play,"Meta is still Facebook, threads will forever be unhealthy, and leave you seeking negative attention. Fk the zuck.",1,2023-07-14 13:47:58,Negative
Google Play,Really like this app,4,2023-07-07 13:44:18,Positive
Google Play,this is better than twitter✅️✅️✅️,5,2023-07-06 05:56:38,Positive
Google Play,Ctrl+c+v Twitter,4,2023-07-06 15:37:38,Negative
Google Play,Looking forward for more updates and features for this new app!,5,2023-07-06 15:11:27,Positive
Google Play,I love this 💓💓,4,2023-07-07 05:07:53,Positive
Google Play,The app crashes when I try to open from this morning.,1,2023-07-08 09:25:45,Neutral
Google Play,Nothing compared to Twitter,1,2023-07-23 16:40:52,Positive
Google Play,Can't delete my account from this garbage,1,2023-07-10 14:20:46,Negative
Google Play,im gonna try this,5,2023-07-06 07:48:11,Positive
Google Play,"Why when I use it , it's glitching . I did screenshot it. Does my device not compatible. It can't be, cause I'm able too download & play games like genshin impact, etc .",2,2023-07-10 06:03:38,Negative
Google Play,"Overrated,no new features and missing old ones twitter has,not safe",1,2023-07-11 10:12:22,Negative
Google Play,There are many things missing in this app: 1. Trends 2. Search for tweets 3. Direct massage 4. Save option for photos,1,2023-07-07 12:22:04,Neutral
App Store,I love the app and I hope it will continue being awesome,5,2023-07-06 03:56:01,Positive
Google Play,Not letting me post any pictures and the app keeps crashing :(,1,2023-07-06 13:32:32,Negative
App Store,"This app is THE WORST!!!!!!! Like seriously my gosh. I can't do anything in the app etohout it kicking me out and sending me to the home screen. I can see people’s threads, butbitbkicks me out anytime k try to comment, like, or make a thread. (no, it’s not my phone bc I've reatated it multiple times and installed the latest updates. I even deleted the app and reinstalled it) All my friends have it so I would like to use it but freaking META is making impossible. Do not download this unless you want to be flipping annoyed. All I can say is glitch glitch glitch!!!",1,2023-07-09 05:57:37,Negative
Google Play,This is amazing 👏 🙌 😍,5,2023-07-06 06:54:18,Positive
Google Play,Worse App I mean why doesn't work in low device it crashes,1,2023-07-08 05:40:04,Negative
Google Play,"After some future updates & improvements, I guess I we say that this will be a true Twitter killer just so we can let Vine get revived by Meta instead!",5,2023-07-05 23:59:20,Positive
Google Play,It's a good app,4,2023-07-08 05:35:54,Positive
Google Play,M just write nice,5,2023-07-07 13:14:07,Positive
Google Play,What's the additional value of this platform? Nothing,1,2023-07-07 23:52:25,Positive
Google Play,Good app,5,2023-07-12 01:10:39,Positive
Google Play,Real id se aao Twitter 🥲,1,2023-07-08 15:04:40,Positive
App Store,I love this app!,5,2023-07-09 21:12:34,Positive
Google Play,The greatest ever and more than that bird icon with blue colour 🤟😎🤣,5,2023-07-09 19:24:27,Negative
Google Play,The app got many bugs Its crushing,1,2023-07-14 21:35:56,Negative
Google Play,The best app,5,2023-07-07 14:46:12,Positive
Google Play,This app is so amazing😍,4,2023-07-06 02:45:14,Positive
Google Play,Cheap copy of Twitter,1,2023-07-07 09:13:41,Negative
Google Play,Good interface 👍,5,2023-07-07 11:49:56,Positive
Google Play,I tried to delete this app and it turned my friends and family against me.,1,2023-07-19 16:40:28,Negative
Google Play,Good one,4,2023-07-06 06:32:01,Positive
Google Play,Please give some million followers,5,2023-07-14 23:50:06,Negative
Google Play,I congratulate Meta team and Mr. Jukrburg hopefully Meta team will win with Musk and team. My best wishes and God help them. Threds is really nice one and now i don't need Twitter anymore in my device.,5,2023-07-07 14:08:53,Positive
Google Play,"Everything is cool but if there was an option for massaging, it would have been fun",5,2023-07-06 17:00:52,Positive
Google Play,"So, you can't delete you account w/o also deleting your Instagram account and on top of that your feed is full of people that have nothing to do w your interest. Got it.",1,2023-07-06 13:58:29,Negative
Google Play,Copycat,1,2023-07-15 17:35:02,Negative
Google Play,ITS KEEP CRASHING WHEN I TRIES TO UPLOAD PICTURES,1,2023-07-08 18:16:57,Negative
Google Play,Y'all need an update asap,3,2023-07-09 18:25:05,Positive
Google Play,It's good app But it should have some features like when i post any thread it have option like 1. Post to public 2. Post to public + friends 3 post private. Then definitely thread app will overcome Twitter 👍🏻,5,2023-07-22 19:06:42,Neutral
Google Play,Very good to use,5,2023-07-06 23:04:48,Positive
Google Play,Copy,1,2023-07-13 23:26:44,Negative
App Store,Mark my words this is the next twitter.,5,2023-07-06 16:03:01,Positive
Google Play,Not much useful,1,2023-07-07 09:38:31,Positive
Google Play,The best social media platform right now,5,2023-07-06 21:08:33,Positive
Google Play,"Just a cheap copy of Twitter, not good at all",1,2023-07-07 18:05:42,Negative
Google Play,I am first one in my group who knows about this app and use it.,5,2023-07-07 17:16:22,Positive
Google Play,Just a clown app. Had issues with privacy. Duck of threads.,1,2023-07-07 05:04:14,Negative
Google Play,Mandating an Instagram account to use. You'd never be able to complete with twitter by locking the platform down!,1,2023-07-08 20:04:12,Negative
Google Play,The app looks fantastic,5,2023-07-06 13:54:39,Positive
Google Play,Elon will flop after he took over Twitter,5,2023-07-07 07:46:38,Positive
Google Play,Too much data Collection.,1,2023-07-06 05:39:39,Negative
Google Play,Elon crying in corner 🤣🤣🤣🤣🤣🤣🤣🤣🤣🤣🤣🤣,5,2023-07-07 16:52:28,Negative
Google Play,Useless. Can't use without Instagram,1,2023-07-14 10:53:22,Negative
Google Play,It's really fun and awesome,5,2023-07-06 18:16:49,Positive
Google Play,Rip Twitter 🥲🥲,5,2023-07-06 13:07:10,Negative
App Store,Thanks for these application .,5,2023-07-06 22:26:29,Negative
Google Play,Like Twitter but with less racism/homophobia/transphobia,5,2023-07-09 01:18:08,Positive
Google Play,LOVEEE ITTT!!!! Absolutely gorgeous!! 10/10 would DEFINITELY recommend!!! Bless you instagram!!!!,5,2023-07-06 20:56:19,Negative
Google Play,Threads lite available?,3,2023-07-08 13:47:16,Negative
Google Play,It's basically twitter,1,2023-07-06 15:50:50,Positive
Google Play,"Tamil language option is not available in the app. India is not only about Hindi, we have 22 recognised languages.",3,2023-07-06 09:47:11,Negative
Google Play,Cheap copy,1,2023-07-14 08:51:11,Negative
Google Play,"Wait... There is only one way in... No sign up, no signin with phone number or... Just login with Instagram😞. Now you've to create Instagram account that is data consuming.. I'm sure this app will consume data as well",3,2023-07-07 08:20:21,Negative
Google Play,Buggy. Crashes when trying to read big conversation threads. Oh the irony. Said cache was full. Emptied it. Still reset,3,2023-07-07 13:55:51,Negative
Google Play,"Mark is my role model,anything from him,i always love it.",5,2023-07-07 13:04:38,Positive
Google Play,"Can't even message people on the app, rather twitter",1,2023-07-06 13:50:33,Positive
App Store,"Pretty much title.  Reverse-crono feed, searching for topics, re-Thread counts.. some bugs with turning video sound on/off.  

Other than that? Solid app, good community.",4,2023-07-21 15:04:56,Neutral
Google Play,"Buggy on redmi 8, the display is overlapping when i change the tab, same case when i scroll it.",1,2023-07-07 22:47:06,Negative
Google Play,It is a new start but i have doubt whether it would succeed or may be I am wrong . But still the question remains that Twitter has Elon Musk what does Threads have. Musk is a giant mangnet but Zuckerberg is not.,4,2023-07-06 10:04:01,Positive
Google Play,We are the early users of Threads app. I want our next generation to see this review and know that we were the early users of these threads apps but after I joined these threads apps I will add many memories with these apps which I will miss a lot in future.❣️🥰🧡,5,2023-07-06 17:21:12,Positive
Google Play,Good app,5,2023-07-07 10:38:42,Positive
Google Play,Nice initiative 👍🏻😌,5,2023-07-06 18:58:25,Neutral
App Store,"As other short-form thread based platforms sink like the titanic, Threads rises from their ashes. There is as of yet no paywall, no verification to boost yourself to the top, no post-viewing limit, and most importantly the platform has a zero tolerance policy for hate speech. The community is cool as a cucumber, the front page isn't flooded with hate and anger like it is on other sites. TL;DR: its well worth switching over.",5,2023-07-06 18:20:45,Negative
Google Play,Best app so far that I've used. I recommend you to join threads,5,2023-07-07 09:29:48,Positive
Google Play,I'm satisfy with this app I mean it's a new app but I feel like I use this app from so long thank you meta.,5,2023-07-07 04:54:28,Positive
Google Play,"nice. but i have a suggestion for you to fix the damn thing where when we delete our reply but under the post it still counted the reply (even when u tryna see it there's none) yes, that. pls remove it, thanks. for a better experience",4,2023-07-10 18:43:01,Positive
Google Play,Very bad,1,2023-07-07 06:39:14,Negative
Google Play,Sam Williams Also Loves this 😅,5,2023-07-07 05:58:43,Negative
Google Play,Bekar he nothing to new,1,2023-07-24 07:37:40,Positive
Google Play,"Working like a bug , just after logged in the screen starts flickering",1,2023-07-14 17:16:33,Negative
Google Play,Twitter is far better than threads. Zuck is cuck . Zuck made copy of Twitter just removing photos from insta.,1,2023-07-19 02:41:02,Neutral
Google Play,Love this app NGL,5,2023-07-06 04:43:14,Positive
Google Play,Better Than Twitter,4,2023-07-09 01:57:47,Positive
Google Play,Too many red flags,1,2023-07-19 13:03:10,Negative
Google Play,"The app is not too stable,please fix META. Its Scattering text and pictures on my Andriod Device. Updated today 17th July 23. The problem is fixed. Thanks META. Please spice the app up lets beat twit.",3,2023-07-17 16:59:55,Negative
Google Play,Very poor UI 😭,1,2023-07-06 08:06:55,Negative
Google Play,It's good but unfortunately not better. Waiting for better update before jump right in,3,2023-07-16 03:48:11,Positive
App Store,It’s much better than T…er (🕊️),5,2023-07-08 21:57:04,Positive
Google Play,New thing great 👍🏻,5,2023-07-06 15:18:24,Positive
Google Play,Very glitchy UI,4,2023-07-07 11:55:57,Negative
Google Play,Better than Twitter the UI is so comfortable and good looking as it can share the same posts to Instagram and the story templates are so good looking ❤️,5,2023-07-06 12:34:12,Positive
Google Play,Very good app,5,2023-07-11 08:50:05,Positive
Google Play,Nyc app,5,2023-07-09 11:57:19,Negative
Google Play,"It was enjoyable up until the point where I signed out of my account to create a dump account with my dump account on Instagram and immediately saw the error notice. I waited as instructed, which was a few minutes. Few minutes has passed and still got the error sign. I deleted it and tried again, but the same thing happened. Currently, I'm VERY CONFUSED.",2,2023-07-06 14:31:36,Negative
Google Play,"Excellent app my first experience on that,so it is exceptional it great then twitter",5,2023-07-09 19:08:58,Positive
Google Play,Top notch,5,2023-07-06 16:43:57,Negative
Google Play,It doesn't work well in my phone,1,2023-07-07 07:12:49,Negative
Google Play,Keeps crashing when commenting,2,2023-07-12 13:41:55,Negative
Google Play,Best app bss haam b viral ho jyee,5,2023-07-07 00:06:27,Positive
Google Play,GOOD BUT THERE ARE SOME TYPE OF ERROS LIKE U CAN'T REPLY TO SOMEONE POST,4,2023-07-06 13:32:15,Positive
Google Play,Hi guys ❣️ My name is Aashish r star It's very good app 😊,5,2023-07-06 01:00:40,Positive
Google Play,"Had downloaded it to give a try,but it requires Instragram account,so I uninstalled the app instantly,I am not interested in Instagram at all",1,2023-07-08 09:31:35,Negative
Google Play,It's just poorest of poorest public failure ever,1,2023-07-25 08:42:30,Negative
Google Play,It was a great opportunity to be one of the five to write a review on this app i was an incredible app full of fun. Ohhh i love you mark,5,2023-07-07 18:02:49,Positive
Google Play,Crashes sometimes but overall better than twitter,4,2023-07-07 12:31:04,Neutral
Google Play,It keeps glitching for me,1,2023-07-05 23:32:30,Negative
Google Play,Great at the startup...and still doing greater,5,2023-07-08 12:54:44,Positive
Google Play,Very very good social app,5,2023-07-12 13:47:53,Positive
Google Play,can you add a double checker when you unfollow someone because i accidentally did and its annoying,4,2023-07-19 07:25:30,Positive
Google Play,"Just now I installed, it's pretty looks",4,2023-07-07 03:48:00,Negative
Google Play,App is severly limited in functionality. 8 day's in and I can't follow anyone back. How am I supposed to grow my account?,1,2023-07-24 19:37:55,Negative
Google Play,"It's nothing new, it looks like Twitter Lite",1,2023-07-21 13:45:00,Positive
Google Play,News feed is flickering non stop. Can't scroll anything. Please fix this issue as soon as possible.,5,2023-07-06 15:18:58,Negative
Google Play,Not owned by EM,5,2023-07-08 04:01:22,Positive
Google Play,Excellent thanks,5,2023-07-20 09:49:55,Positive
Google Play,"Good concept, will update rating once I can scroll.",3,2023-07-08 04:24:39,Positive
Google Play,"Great so far, am trying to figure out how it works. how can I change my background to dark mode?",5,2023-07-06 09:27:09,Neutral
Google Play,I don't know why this application doesn't delete my profile. I don't want my profile on this thread. If I delete my account then why does the Instagram account get deleted too.,2,2023-07-12 16:52:45,Negative
Google Play,Its a good alternative to twitter,5,2023-07-06 11:37:36,Positive
Google Play,Nice app. The Sasta version of Twitter 😂,3,2023-07-06 12:51:32,Negative
Google Play,"This is a garbage like insta, face and more... 😆",1,2023-07-07 21:21:31,Negative
Google Play,Intial release is fine. It's has to improve in editing option to everyone like an insta post.,4,2023-07-10 19:53:12,Neutral
App Store,"It’s being criticized by many people that “it’s a copy of Twitter!I disagree…It’s much better why?
It’s ad free,simple,easy to use and connected wit instagram…Most importantly I don’t have to see Elon Musk’s egoistic tweets 🤣",5,2023-07-08 23:25:27,Positive
Google Play,The restriction on following people should be uplifted. We unlimited access across the app.,3,2023-07-07 06:00:17,Negative
App Store,The new twitter,5,2023-07-07 20:29:33,Positive
Google Play,I'm not interested in opening an Instagram account just to try out Threads. So it's an immediate uninstall for me...,1,2023-07-10 21:34:51,Negative
Google Play,What difference does it makes than facebook feed? Feel nausiatic even by just looking at the feed page.,1,2023-07-06 07:23:47,Negative
App Store,"Lovely app. Unfortunately, it crashes when I click the “post” icon on the bottom navigation to make a post. Also crashes when I tried to post a reply by tapping the text input.",3,2023-07-06 13:39:27,Negative
App Store,The app is exciting and new. The process to transfer over from instagram into threads is seamless and easy. Would love to have a tab that lets you see posts from only people you’re following. My thread is full of posts from people I don’t follow and have no interest in following. Very excited to see what updates this app brings in the future.,3,2023-07-06 16:23:55,Negative
Google Play,There is no need to link it with Instagram,2,2023-07-06 18:12:07,Positive
Google Play,Can't remember the last time I got an app at launch and it was flawless. Bravo.,5,2023-07-06 12:05:17,Negative
App Store,"I hate everything in my feed. It’s the worst, and after a week of using Threads and diligently muting everything I don’t like and liking everything I do, I am not closer to seeing posts that are relevant. 

Deleting. Bye Threads.",1,2023-07-13 15:25:42,Negative
Google Play,Not too bad afterall.,3,2023-07-11 10:45:50,Negative
Google Play,Hope there's an easier option to switch account like in Instagram. Crashes every time I do it.,2,2023-07-07 12:21:06,Neutral
Google Play,Very very good aap batter then twtr Threads is very helpful app,5,2023-07-07 02:43:42,Positive
Google Play,"1)When I like something, nothing happens, tye command isn't taken (2)Not smooth at all (3)The colours are dead, make it more interesting and wholesome (4)When I try to Reload a page by swiping down, the symbol keeps on doing the reloading animations over and over again, but the page doesn't change (5) Having trouble using more than one account, like insta. If the option is not there to use multiple accounts, this app is dead",1,2023-07-11 19:41:51,Negative
Google Play,"I think it's very good for us bts army because we can share or know about bts information,chats, voting's notice etc.... And it's very good for knowing every small details about bts or any other k-pop group... 🙂",5,2023-07-06 11:49:57,Positive
Google Play,"It sucks. It stopped allowing me to post anything with ""post failed"" since few days and ""something went wrong"", i updated the app and nothing. Other than that it really is just boring af",1,2023-07-15 20:58:50,Negative
App Store,The app is well deigned and it really gives an instagram experience with a dash of twitter but it a more positive connection and a easy log in selection that twitters long log in process.,5,2023-07-05 23:56:57,Negative
Google Play,Don't download it.,1,2023-07-11 02:35:55,Negative
Google Play,Why use this parody of Twitter and get banned for not being able to talk about freedom of speech. Ghey.,1,2023-07-24 15:07:46,Negative
Google Play,I don't know what he'll is that,1,2023-07-08 11:48:52,Negative
Google Play,"I know y'all can fix this, but it's not letting me upload right now. Whenever I tap the attach button, my app crashes. Please fix to update my score.",2,2023-07-06 14:57:40,Negative
Google Play,Cool app,5,2023-07-06 08:19:48,Positive
Google Play,Lack of DMs is noticeable,3,2023-07-07 06:31:05,Positive
Google Play,Given Some function,3,2023-07-06 16:29:52,Neutral
Google Play,The app is really awesome.,5,2023-07-18 04:13:12,Positive
Google Play,Apparently this app doesn't refresh by itself and keeps showing old posts. Even if I refresh it's incredibly slow to do so.,1,2023-07-08 12:07:40,Negative
Google Play,SOOO MUCH BETTER THAN TWITTER. Thanks for making this app. I already transfered all my Twitter contacts over and everything is working smoothly!,5,2023-07-06 22:41:15,Negative
Google Play,"5 stars because its new... But.... Im using a Samsung S7. And when i try to make a thread, my keyboard blocks the make thread button. Or im just really dumb. But the keyboard wont disappear = cant post thread.",5,2023-07-07 09:25:33,Positive
Google Play,"I absolutely loving my time in here. However, there needs to be a dedicated feed for people you follow and not just random people mixed in with followed. And for the mixed feed, it needs to be based on your interests. Right now the posts mixed in your feed are from completely random people with no rhyme or reason. Even people speaking different languages. A huge flaw in this app. It also needs a proper, fully functioning website.",3,2023-07-13 20:13:43,Negative
Google Play,Very cool 🥰🥰,5,2023-07-08 13:09:50,Positive
Google Play,Copy cut off twitter... Audience don't like it because of twitter already this type app in market,1,2023-07-09 09:55:30,Negative
Google Play,"Everything u do/ change here effects our Instagram, we can't even delete it now it's like we r just stuck with it",1,2023-07-08 05:01:33,Negative
Google Play,A good app. I like that you can actually view threads from different people without a chronological order. The randomness of this app is awesome,4,2023-07-07 06:33:05,Neutral
Google Play,"Not bad for a first try, but there's posts from folks I don't know (and don't give a fig about), and the bloody videos auto play. Nothing like using my data for Meta's ad services, eh?!",3,2023-07-13 09:06:08,Negative
Google Play,Uploading photos is always a problem,3,2023-07-10 19:07:13,Neutral
Google Play,Worst,1,2023-07-06 04:28:27,Negative
Google Play,Copy of Twitter 😁😁,1,2023-07-08 01:37:11,Negative
Google Play,This good 👍 for social work,4,2023-07-06 17:50:25,Positive
Google Play,I liked this app very much,5,2023-07-07 20:11:58,Positive
Google Play,Copy of Twitter,1,2023-07-08 19:54:43,Negative
Google Play,The only reason I downloaded this app because of Zayn Malik ❤️❤️,5,2023-07-06 03:43:22,Negative
Google Play,This is the time of change for your device to enjoy therads,5,2023-07-08 12:36:10,Negative
Google Play,"It's not working well on my phone, its just overlapping whenever i try to scroll",1,2023-07-07 07:31:05,Negative
Google Play,Please add reels future 🙏,4,2023-07-07 18:01:50,Positive
Google Play,Useless boring idea,1,2023-07-08 23:53:49,Negative
Google Play,Plzz don't download this 🙏🙏 😒,1,2023-07-11 03:21:49,Negative
Google Play,So If I don't have an Instagram account I can't use this app?,3,2023-07-07 01:15:09,Negative
Google Play,"The user experience so far so good, clean and neat, and easy to navigate through, my biggest problem with it, that there's no Dark Mode so far, and the people following you can easily find and follow you back, which is a thing that I should choose instead of the system choosing it for me, I acknowledge it's an Instagram App, but when it to comes to the user choice, it's better to let the following stuff up the users themselves, not automatically you find the same list migrating to threads..",3,2023-07-08 06:20:35,Positive
Google Play,I think it's a good 😊,5,2023-07-07 11:07:57,Positive
Google Play,"nice, i'll delete my twitter for this.",4,2023-07-07 02:19:02,Positive
Google Play,this app is number one rubbish app because i created my id on this in office i am not able to see anything neither i am able to login my account nor i am getting to see some new interface in this full account instagram It is visible from although I have not created an account and have written a new profile and a new resume.,1,2023-07-07 05:23:53,Negative
Google Play,Nothing new😔,1,2023-07-10 16:12:00,Positive
Google Play,The app have alot of bugs i can even use it at this point,1,2023-07-05 23:53:58,Negative
Google Play,Runs well and is easier to use than twitter while not as much content as older social media (this is to be expected for a young app) it is easy to use and set up shows great promise,5,2023-07-24 11:01:52,Positive
App Store,Won’t let me delete my data without deleting instagram,1,2023-07-07 14:14:59,Negative
Google Play,we need an EDIT option😭😭😭😭😭,4,2023-07-24 11:35:11,Positive
Google Play,Not best but temporary,1,2023-07-13 12:21:34,Positive
Google Play,"Lot of trackers,no dm option,its like zuck's personal platform for people to create natural language examples that zuck can use for training LLMs for free",1,2023-07-06 12:42:35,Negative
Google Play,"Use of threads after one day, Shuru mazboori me kiye the ab mza aa rha hai 🔥",5,2023-07-09 18:37:26,Positive
Google Play,"Not good at all, rubbish",1,2023-07-06 22:43:44,Positive
App Store,Everytime i log in to threads it logs me out of Instagram and then I have to log in all over again,3,2023-07-06 14:26:44,Negative
App Store,"The interface is all good no problem but have handread issuis like hashtags not working well and you can't posts in feed , and crashing while try to type something , yes i know everything will be fixed but we want be a perfect fix, cause the platform is awsome, and dont forget we want better version for browser (PC), thanks for developers",4,2023-07-06 12:48:06,Negative
Google Play,"Cool and great, very nice",5,2023-07-06 03:05:03,Positive
Google Play,Crashes when I try to upload a picture,1,2023-07-10 22:37:50,Neutral
Google Play,"The compulsory link to Instagram, which is linked to Facebook. Well makes unusable to those who don't want to be part of every part of metas empire",1,2023-07-06 18:37:37,Negative
Google Play,Great app 👍,5,2023-07-06 10:32:25,Positive
Google Play,I give this app 3 stars and I gave Twitter 3 stars. The remaining 2 stars will be awarded to the victor of the cage fight and awarded the best text based social media platform. May the odds be ever in their favor.,3,2023-07-06 23:59:46,Positive
Google Play,very good app i got a lot of help from this app,5,2023-07-06 02:25:26,Positive
App Store,I can’t even sign up because there’s no sign up button. That seems kind of important?,1,2023-07-15 19:47:00,Positive
Google Play,Why you made this software?,1,2023-07-06 13:49:02,Negative
Google Play,It's really Osm 🤩😁,5,2023-07-08 15:26:58,Positive
Google Play,"it would be better if only the people you follow appear in your feed, and a translation option wouldn't hurt",3,2023-07-07 02:23:18,Neutral
Google Play,It's glitching so much that I can't even scroll through the page (or any page literally!),1,2023-07-06 11:23:16,Negative
App Store,"I made the jump to threads on the premise I would be able to follow the folks I already follow on IG.  Why is it that this app keeps suggesting accounts I’ve already click to follow.

These suggestions aren’t new ones. It’s the same accounts over and over. It’s like it’s seems to forget as soon as I close the app. 

Please fix it asap.",3,2023-07-14 16:19:44,Neutral
Google Play,Thought I'd be here first 😂,5,2023-07-06 06:54:32,Positive
Google Play,Nice but add a trending page and hashtags,5,2023-07-20 16:46:05,Positive
App Store,"I’m thankful for this App getting released. And my hope for this App’s future is to not be toxic just like some other apps. Hoping that it’ll not be ruined by people. Anyways. THANK YOU!!!! Hoping to get new update, that is fixing some good things.😊😊",5,2023-07-06 07:42:34,Neutral
Google Play,"First here to download, let's do it 🙂",5,2023-07-05 23:07:37,Negative
Google Play,Twitter lite😂,5,2023-07-06 06:14:03,Negative
Google Play,"I already have twitter. I don't need another app to eat my RAM, drain the juice and yes we all know how META handles our senstive data 🤣.",1,2023-07-09 17:43:28,Negative
Google Play,Better than Elon's app.,5,2023-07-25 08:21:47,Positive
Google Play,"Intuitive app design, however, the inability to choose which Gallery app you want to use to select media and not being able to edit the media you've chosen are joykillers. Bookmarks missing is also something of note. Hope that changes soon.",4,2023-07-06 11:11:42,Positive
Google Play,It keeps crashing when I'm uploading a photo.,2,2023-07-06 17:07:35,Negative
Google Play,R.I.P Twitter,5,2023-07-06 12:50:56,Positive
App Store,"Idk what to say it’s just exactly like Twitter with slightly a different interface. If you could make it where the home page is showing ONLY the people you follow that would be cool

I really don’t care much about the app one way or another lol",3,2023-07-07 04:17:57,Negative
Google Play,Meta is now giving tough competition to Twitter,5,2023-07-06 15:58:22,Positive
Google Play,This app is very nice but there are some major issues which needs to be fixed as soon as possible. Although app experience is Good,1,2023-07-11 05:09:29,Positive
Google Play,"My phone screen is cracked so am not seeing the post very well... But base on people's comments here,it's really sad to divorce such a good man.",5,2023-07-07 14:43:20,Negative
App Store,"Dear Instagram, Why did I get banned so fast gurl",3,2023-07-06 17:47:40,Negative
Google Play,"Clean ui, but sometimes its failed to load someones threads",5,2023-07-06 06:58:39,Positive
App Store,This app has been good so far but it needs to have a few features in order for the app to be different and better than Twitter,4,2023-07-08 02:29:18,Positive
Google Play,This is so past past,3,2023-07-07 14:45:24,Negative
Google Play,App logout ing everytime,1,2023-07-12 01:41:37,Negative
Google Play,This is so amazing,5,2023-07-06 17:50:14,Positive
Google Play,its so aesthetic and no jejemons here in threads so finally i survived fb.,5,2023-07-07 20:11:37,Positive
App Store,"This app puts google to shame for what it collects on you. No app is worth this amount of access.. Several million have already made the mistake of putting their real info into this, don’t be one of them. Wasn’t this supposed to be “safe” you are handing them ALL info on your device, no literally, all of it.",1,2023-07-12 04:14:54,Negative
Google Play,"The app is good , but every time I want to read replies it automatically closed : (",3,2023-07-07 13:57:50,Negative
Google Play,So we are here now,5,2023-07-12 06:47:41,Negative
Google Play,Very interesting app,5,2023-07-06 14:28:13,Negative
Google Play,Your best👍💯,5,2023-07-10 06:22:35,Positive
Google Play,Good app very good,5,2023-07-07 14:25:19,Positive
Google Play,Facebook and Instagram had a baby that's call threads,5,2023-07-07 01:42:38,Negative
Google Play,"App keeps crashing whenever I try to upload a pic. Also, had a lot of notifications for follow requests. However, after individually accepting a couple, the rest of them disappear. :/",1,2023-07-07 15:16:36,Negative
App Store,Even if it’s half a**ed and just moved the same interface to the edges and allows larger full screen and more on screen info to scroll.,1,2023-07-08 21:10:55,Negative
App Store,Twitter is million times better.. too much censorship.,1,2023-07-06 16:02:07,Negative
Google Play,im rating it 1 just due to space X .. elon musk... bro you are great...,1,2023-07-07 18:05:56,Positive
App Store,"I can like but I can't comment, when I click the comments button it kicks me out of the app. Any tips?",4,2023-07-07 23:55:10,Positive
App Store,"Twitter is better, and this app is horrible. Threads deserves 1 star because it’s boring and not the same as Twitter. Also I don’t think we really needed a twitter clone. Tbh I think we have enough social media as it is LOL. Also why leave or delete twitter when you literally have the biggest following on twitter. Also, for all the people that are trying to leave Twitter because you're too soft to deal with people, grow up LOL. Every social media app has bots and annoying people. It’s literally the internet; if you don’t like it, get off. Threads literally has the same thing as Twitter that’s why threads are implementing rate limits on the app now. Also, If you are leaving Twitter because of Elon Musk, well... I would rather trust Musk than the person who can’t keep data safe and also has privacy issues on their app. At least Musk hasn’t been to court for mishandling millions of people's data. A lot of people forget about what Zuckerberg has done with our data.",1,2023-07-23 07:56:41,Negative
Google Play,App is getting crash while opening user replies,1,2023-07-07 16:51:01,Negative
Google Play,Huge privacy concerns,1,2023-07-07 04:02:25,Negative
Google Play,It has poor quality,1,2023-07-07 09:55:07,Negative
App Store,"Very pleased with this new social media app , looking forward to see it grow",5,2023-07-06 00:07:25,Positive
Google Play,Twitter app downfall started,5,2023-07-06 14:01:49,Positive
Google Play,Please edit the hashtag features,2,2023-07-08 08:01:04,Neutral
App Store,"Such a great app, easy to use & super easy to connect with people! Definitely a super fun app to relax!",5,2023-07-15 03:13:41,Positive
Google Play,Great app so far 😀 follow us and let's stay connected! @free.ministry 😇 so we can explore this app together! Thank you!,5,2023-07-06 07:19:58,Neutral
Google Play,Accidentally deleted my thread batch from Instagram and there's no way to get it back pls update and add a feature to add back.,3,2023-07-08 13:54:05,Positive
Google Play,VERY GOOD APP. Please let there be language translator/translation,5,2023-07-08 16:53:58,Positive
Google Play,Best friend Social media,5,2023-07-06 17:41:16,Positive
Google Play,App is glitching. Not working in my device 😔,1,2023-07-07 05:44:32,Negative
Google Play,Musk Mawa mingal antey mark mowa eyy correct,4,2023-07-06 08:57:36,Positive
Google Play,"It's smooth & i love the fact that Threads have no theme colour, it's just white or Pitch Black. And, well for now it's in need for major upgrades. The settings ui, thread pinning, over-all experience. The point is, how different it is from Twitter & Instagram.",5,2023-07-06 15:20:06,Positive
Google Play,Not satisfied with its supplement privacy policy...,1,2023-07-07 05:36:03,Negative
Google Play,Best app forver Powered by Testiwol India Private Limited,5,2023-07-08 02:37:11,Positive
App Store,"Some things to improve:
- Needs a translator
- need to be able to upload videos and photos without the app crashing
- needs to clean up HOME, I have threads of accounts that I have never followed.",3,2023-07-06 02:18:45,Neutral
Google Play,Great app💪,5,2023-07-06 11:05:55,Positive
Google Play,Nice app but why am I unable to send threads to my friends via the app itself?,4,2023-07-07 05:39:19,Positive
App Store,"Great app, great execution and anybody saying otherwise is just hating or a twitter agent. They do need to fix the follower issue though because I’m not able to see who individually followed me unless I’m on a private account and therefore I can’t follow anyone back without going through all my followers and searching for specific people. Notifications should work just like how instagram does",5,2023-07-09 14:02:49,Negative
Google Play,Annoying with the showing of thread from people that I didn't follow and didn't know who they are. Can you just please showing thread from people that I follow?,1,2023-07-06 17:19:38,Negative
Google Play,Rip twitter,4,2023-07-06 08:08:55,Negative
Google Play,Want to see it as a meme app,5,2023-07-08 12:57:25,Negative
Google Play,Made in China twitter,1,2023-07-07 06:03:25,Positive
Google Play,Threads iam ur new joiner 👍good,5,2023-07-06 10:00:47,Positive
Google Play,Very bad app,1,2023-07-13 05:55:03,Negative
Google Play,Good till now,5,2023-07-06 13:28:11,Positive
App Store,"i love the vibes and the atmosphere and how it’s like if twitter and tumblr had a baby. BUT. they need to work on it. why is my feed just a bunch of random people that i have no interest in? why are there no filters for what you see in your main feed? why is there not an option to only look at the people you’re following? why does it not show me when the people i follow post something?

these are such basic features for a social media app to have, and you’d think instagram (and facebook) of all platforms would know the bare minimum of what to add to a twitter-like app.",3,2023-07-06 22:08:54,Neutral
Google Play,"Amazing experience, perfect app.",5,2023-07-06 10:44:58,Negative
Google Play,Cool,5,2023-07-07 23:00:57,Positive
Google Play,Nice initiative,5,2023-07-06 03:11:36,Neutral
Google Play,You can't see the text input window when replying. It is covered by the keyboard making it so you can't see what you are typing.,1,2023-07-10 14:23:43,Negative
Google Play,Great copy of Twitter,1,2023-07-24 09:31:37,Negative
Google Play,It is just copy of twiter......,1,2023-07-07 16:56:04,Negative
Google Play,copy cat but still niceee,4,2023-07-11 08:16:34,Negative
Google Play,"Markzugerberg you aren't serious, do you think this apk will challenge twitter or what? Thought i rate it with 5 star because i really enjoyed it.",5,2023-07-06 20:04:31,Positive
Google Play,It's massive 🔥,4,2023-07-07 09:44:50,Negative
Google Play,I get 'Your thread failed to post' Every other time. 🤬,1,2023-07-08 17:09:08,Negative
Google Play,Why making threads Add an option in instagram,2,2023-07-08 05:52:01,Neutral
Google Play,Worse app,1,2023-07-19 13:13:38,Negative
Google Play,Really so nice app.. I like itt. And thanku for you make this application,5,2023-07-10 12:52:31,Positive
Google Play,"So far it's a good app, but I'm just not seeing any notifications pop up on my phone for the people I'm following, please fix it 🥺😔",3,2023-07-07 02:26:08,Neutral
Google Play,Definitely i will change to threads instead of twitter,5,2023-07-07 16:14:24,Positive
Google Play,All is well,5,2023-07-07 09:47:53,Negative
App Store,Crash bug I griped about is gone already.,4,2023-07-06 06:42:00,Negative
Google Play,All screeps are overlapped Like it looks like when you superimposed multiple images,1,2023-07-06 21:19:32,Positive
Google Play,Trying to steal all our info? NO THANKS!,1,2023-07-13 19:07:39,Negative
Google Play,"Writing after day 1, it's about as smooth a launch as it could've hoped for. I am however having a problem where if I search for users too much (as one looking for accounts to follow will do), the search breaks and doesn't fix itself. I'm not sure whether this is a bug or a rate limit. It fixed after reinstallation but only once. I hope and expect more features will be added to the app in short order, too. E.g. DMs, customized account lists, Web version. Default home feed should be different.",5,2023-07-07 07:49:55,Neutral
Google Play,"The app is great, but some things could be better",4,2023-07-09 15:26:55,Positive
App Store,"Got fed up with Twitter and decided to use Threads. I already have an account on insta so the sign-up process was smooth which is appreciated. If you’re familiar with how Twitter functions, Threads is similar and will be easy to pick up. 

Some stuff I’ve noticed that I hope will be added soon: “search engine” is nonexistent, hashtags don’t work (cuz there’s no “search engine” I’m gonna assume), and if you wanna plan out future posts you can’t. Idk if it’s due to this being an early version of the app and it not being completely finished + not wanting to be super similar to Instagram + wanting to differentiate itself from Instagram since all those features are available on that app but it would be nice to include them in Threads. Pls add these functions to Threads! Thanks in advance",4,2023-07-12 23:12:45,Positive
Google Play,Screen is spliting,1,2023-07-06 06:47:17,Negative
Google Play,Plz release a lite version,5,2023-07-22 19:14:16,Negative
Google Play,Worst application in the history,1,2023-07-11 12:45:51,Negative
Google Play,Why is the app suddenly crashing and showing multiple posts at a time like it has crashed,1,2023-07-06 13:51:53,Negative
Google Play,"Decided to have a look, but you need an Instagram account. I don't have one.",1,2023-07-06 10:28:52,Negative
Google Play,Lol... Censoring everything cant even post a simple explicit or simple meme... Adios threads uninstalled... Twitter is better...,1,2023-07-07 09:03:49,Positive
Google Play,Teweter se best threads,5,2023-07-07 06:42:59,Positive
Google Play,Worst app created. Twitter better,1,2023-07-25 05:59:57,Negative
Google Play,"I believe I may be the first person to write a review about this app, and I already love it. However, Threads takes the crown as the best. I think it would be beneficial if they added a message button, allowing users like me who don't have large accounts to reach a wider audience as well, because I noticed people that is enjoying it the most are people that have large audiences on Instagram, my account joshdehustler, still never breathe sha",5,2023-07-06 15:29:26,Positive
Google Play,GREAT APPS EVER MORE THAN TWITTER. LOVE FROM BANGLADESH👯👯,5,2023-07-06 11:34:41,Positive
Google Play,Too much errors,1,2023-07-16 14:09:14,Positive
Google Play,"Please fix the smoothness of the scroll, it is sometimes sticky and hard to scroll, and when i scroll fast it was like reversed and not going down, I don't if this issue is occured in other android version. So far this app is good even though it is new",5,2023-07-08 04:51:01,Negative
Google Play,"nothing is new about this app, literally Facebook in 2008",1,2023-07-07 07:29:07,Negative
Google Play,"Magical, I personally like the app. I'm synced on my account name @me_adams_ and gained more followers than I have on twitter for the past 3 years😂",5,2023-07-06 22:48:05,Negative
Google Play,No dm video playing without audio,1,2023-07-08 12:01:21,Neutral
Google Play,"So far so good, long time im waiting for apps like this.",5,2023-07-08 00:30:43,Positive
Google Play,This is not installed my phone please help us,5,2023-07-07 11:39:16,Negative
Google Play,If you want share your ideas with text and present you point of view you can use this app,5,2023-07-06 07:49:42,Negative
Google Play,I can't post images sorry,2,2023-07-06 19:00:44,Negative
Google Play,No search. Cynical user trap. Risible logo.,1,2023-07-07 21:38:50,Negative
App Store,Couldn’t make the same like twitter used to do 😡 this app looks as a ‘fake’ but is real lol 😒,1,2023-07-17 15:42:34,Positive
Google Play,Not good as tweeter. Instagram is trying to copy tweeter but when we came to threas its of no use. Tweeter is of real world while thead will soon become fake show off world like instagram.,1,2023-07-06 09:23:01,Negative
Google Play,I just have to be the first to make a review here. The app is amazing so far Represent Tanzania 🇹🇿,5,2023-07-06 21:37:58,Positive
Google Play,Great start. Hopefully this kills that other app that shall not be named.,5,2023-07-08 13:37:09,Positive
Google Play,Thread is my favorite 👌,4,2023-07-16 06:42:01,Negative
Google Play,Include Message features,5,2023-07-06 06:24:25,Positive
Google Play,Nice Work,5,2023-07-14 13:13:45,Positive
Google Play,"Add more features plsss. Like edit button, and etc..",4,2023-07-08 10:32:44,Positive
Google Play,I was very excited to use this app. Love it more than Twitter <3 if it has trending section.,5,2023-07-07 02:27:31,Positive
Google Play,Thank you🌹❤,5,2023-07-09 16:43:06,Negative
Google Play,Great,5,2023-07-08 17:12:35,Positive
Google Play,"""best replacement of Twitter""...",5,2023-07-09 09:54:44,Positive
Google Play,This app work very slowly it's not like insta or Facebook,2,2023-07-08 12:23:48,Negative
Google Play,It so good I'm enjoying this app I will tell you that u must try this app guys 💕,5,2023-07-08 14:26:45,Positive
Google Play,Like Facebook that have Messenger but more to twitter,4,2023-07-06 17:17:58,Negative
App Store,This app is great except the activity section doesnt load for me other than that its a great place to connect and it's basically a way better less racist transphobic white-man driven version of twitter lol,4,2023-07-07 07:48:33,Positive
Google Play,Great 😃👍,4,2023-07-06 16:29:04,Positive
Google Play,Like Twitter but better and less misinformation being spread,5,2023-07-07 23:29:41,Positive
App Store,This app tracks every part of your life from your health to your finances!  Simply evil.,1,2023-07-06 17:27:23,Negative
Google Play,Good apps,5,2023-07-06 19:26:33,Positive
Google Play,Good app,5,2023-07-06 15:15:07,Positive
Google Play,"There is nothing new in this application. If you want it to continue, make new updates to the application, because the first day of using sentences with two dimensions is very normal and boring.",1,2023-07-08 21:23:18,Negative
Google Play,"W app, highly recommend it!",5,2023-07-06 02:44:06,Negative
Google Play,Good one,5,2023-07-06 12:29:44,Positive
Google Play,I need data saver setting on it ...like media preview icon ..please Nice app,4,2023-07-07 06:46:43,Positive
Google Play,ThreDs,5,2023-07-10 16:49:27,Negative
Google Play,"This is a very good substitute of twitter, but there are some features if you you add them it became complete, like switch account without logout, and puse auto play video.",3,2023-07-06 09:19:19,Positive
Google Play,Trash,1,2023-07-12 14:19:28,Negative
Google Play,Boring new social media which no one asked for,1,2023-07-07 15:23:46,Positive
Google Play,Abee yarr imma go and dance with u and and and,4,2023-07-06 13:31:21,Negative
Google Play,This app is my favorite already 10/10 Instagram you're winning,5,2023-07-06 07:23:12,Negative
Google Play,It's better than Instagram other social media apps,5,2023-07-06 16:09:32,Positive
Google Play,"Omo this app nice , and cool tho,😔😔😔buh refusing to open on my phone",5,2023-07-07 09:42:27,Positive
Google Play,"It's a nice app, but is there seriously no way to see trending content? I prefer to use Twitter by going through my for you and the trending tab, as just looking through all the tweets of those im following gets boring and repetitive.",4,2023-07-06 05:14:32,Positive
App Store,"Was hoping this would be a better version than Twitter but unfortunately it’s worse. I can’t even see threads from my friends and followers, instead my timeline forces me to read threads from people I don’t even follow or care to follow. JUST LIKE ON FACEBOOK. Back to Twitter I go…",1,2023-07-24 13:54:03,Negative
Google Play,"A subpar Twitter with less features, inability to save/share photos, and already being overrun by spam bots. Like it's been up for so little time, one would think they would have pulled all the kinks for fighting spam from their instagram, but no.",1,2023-07-11 09:18:31,Positive
Google Play,Good application,5,2023-07-09 03:41:17,Positive
Google Play,Great app,5,2023-07-10 03:30:01,Positive
Google Play,God app,5,2023-07-06 15:29:32,Negative
Google Play,It's absolutely sensational.,5,2023-07-06 22:33:31,Negative
Google Play,"Love it, it's really better than Twitter",5,2023-07-15 18:55:48,Positive
App Store,"I started to enjoy this app until Meta started restricting my instagram actions for no reason. More than a year, I’ve never been action blocked on Instagram until I became more active on Thread. My main issue is why should you action block my instagram account instead of thread because thats where I mostly engage. This makes me conclude that the link of thread to Instagram is bad",2,2023-07-13 08:49:48,Negative
Google Play,So to delete my threads profile you want me to delete my whole Instagram profile too? So glad I haven't posted anything but it's time to delete the app already.,1,2023-07-07 14:27:11,Negative
Google Play,Very Use Ful Application,5,2023-07-11 06:11:43,Positive
Google Play,This is a best and Greatest application I like that so much 🙂❤️,5,2023-07-06 05:55:34,Positive
Google Play,Worst app don't install it,1,2023-07-15 05:18:46,Negative
Google Play,I didn't even started using and u disabled my account why is it so hard to log in or sing in ughhh,1,2023-07-06 22:36:37,Negative
Google Play,theres a bugssss,3,2023-07-18 01:55:14,Negative
Google Play,"I'm sure it's lovely, but I don't have an Instagram account and thus, am not allowed to use the app. Being that it's based on mastodon... I'll utilise mastodon and remain without an Instagram account.",1,2023-07-06 20:04:30,Negative
Google Play,Better than TWITTER,5,2023-07-13 22:59:36,Positive
Google Play,Twitter fans in push and send 1 star from this app :))) ;),5,2023-07-22 22:09:06,Negative
Google Play,Please i need an answer ASPA is it true that if you delete or your thread account got hacked. Will your instagram account also be involved,3,2023-07-10 08:15:14,Negative
Google Play,Still trying to figure out what to do with this app?? Absolutely useless,1,2023-07-08 02:52:39,Negative
App Store,Can’t get it started.  Wants my Instagram login.,1,2023-07-07 05:19:56,Negative
Google Play,Im not creating an account via insta for this. Zuck is a POS.,1,2023-07-09 15:53:11,Negative
Google Play,App keep crashing,1,2023-07-08 02:16:26,Negative
Google Play,this is the most addictive app i have 😭😭,5,2023-07-06 20:49:07,Negative
Google Play,I love it this app it commendable awesome thank you meta to brilliant app 👍,5,2023-07-07 19:50:13,Positive
Google Play,Something slowly apps,3,2023-07-10 14:14:57,Positive
Google Play,"I could love this app, if it would stop showing my an bunch of people I don't follow more than the people I do. I DO NOT want suggested post in my main feed. Make it so I can filter them out or completely remove it.",3,2023-07-06 04:57:33,Negative
Google Play,Unable to use dragging issue,1,2023-07-06 18:31:57,Negative
Google Play,"You are just signing IN to an Instagram account. You cannot sign UP for a NEW Thread account, so all they are doing is transfering Instagram members into Thread members. Seems like a good way to limit conversations to only those they already know. Sort of like the Democrats calling themselves something else to register more votes. Sneaky ploy.",1,2023-07-07 22:34:41,Negative
Google Play,This is the work of art 😀🎭,5,2023-07-07 11:25:33,Negative
Google Play,"Thread,an Instagram Social network, group message,",5,2023-07-06 03:25:34,Positive
Google Play,"Hashtags, please!!",4,2023-07-07 23:42:19,Neutral
Google Play,Good app,4,2023-07-07 09:20:19,Positive
Google Play,"It was great at the beginning. Now, text threads are failing to post. I reinstalled the app, cleared the cache, changed the internet connection, and still have the same problem. Very disappointing",1,2023-07-23 21:19:54,Negative
Google Play,"This is an incredible app, so much better than the competition:)",5,2023-07-07 05:35:39,Positive
Google Play,Need option for downloading images. That would be great.,4,2023-07-07 11:17:15,Positive
App Store,Why are we not able to edit post. Please make that an option….,4,2023-07-07 03:56:46,Positive
Google Play,Since I've logged out and uninstalled this app I have tried to post on my Instagram account. I can't see certain photos or things I've just posted but my total number of posts are correct....I just can't see them. Could be a problem.,1,2023-07-09 11:48:32,Negative
Google Play,Good potential but too buggy and not enough features to be useful. Will come back when they've had time to sort things out.,2,2023-07-12 07:22:39,Neutral
App Store,Could you add a button where it lets you choose to follow everyone you follow on instagram.. I accidentally did not click the yes button and now I can't seem to follow everyone I follow on instagram without looking everyone up individually.,4,2023-07-06 19:16:14,Positive
Google Play,Mission start... Inshaallah great job,4,2023-07-07 16:48:26,Positive
Google Play,"Worst experience ever, lags a lot. Just a bad copy of TWITTER.",1,2023-07-10 09:46:34,Negative
Google Play,Copy of twitter,1,2023-07-08 06:55:32,Negative
Google Play,"It's now horrible! Absolutely horrible! Too much unnecessary restrictions, Zuck! I will give you one star for that.",1,2023-07-24 03:53:04,Negative
Google Play,"Very good app entertaining , knowledgeable, interesting..",5,2023-07-07 13:09:02,Positive
